theme,sub_theme,feature_name,co_ordinates
Transport,Railway Station,Flemington Bridge Railway Station,"{'lon': 144.939277838304, 'lat': -37.7881645889621}"
Mixed Use,Retail/Office/Carpark,Council House 2 (CH2),"{'lon': 144.966638432727, 'lat': -37.8142591432011}"
Leisure/Recreation,Informal Outdoor Facility (Park/Garden/Reserve),Carlton Gardens South,"{'lon': 144.971266479841, 'lat': -37.8060684577258}"
Place of Worship,Church,Wesley Church,"{'lon': 144.968168215633, 'lat': -37.8101576446961}"
Place of Worship,Church,St Augustines Church,"{'lon': 144.954862000132, 'lat': -37.8169741358546}"
Place of Worship,Church,Church of Christ,"{'lon': 144.96388920294, 'lat': -37.8104524079085}"
Place of Worship,Church,Holy Trinity,"{'lon': 144.983197322289, 'lat': -37.8140667110854}"
Place of Worship,Church,Melbourne Unitarian Church,"{'lon': 144.984664890999, 'lat': -37.8114487773394}"
Place of Worship,Church,All Nations Uniting Church,"{'lon': 144.968981110942, 'lat': -37.7959155303946}"
Place of Worship,Church,Our Lady of Lebanon Church,"{'lon': 144.969334720932, 'lat': -37.8025766539683}"
Place of Worship,Church,St Alban Anglican Church,"{'lon': 144.94161451392, 'lat': -37.7942169477929}"
Place of Worship,Church,Christ Church Kensington,"{'lon': 144.92729572288, 'lat': -37.7932109480553}"
Place of Worship,Church,Holy Rosary,"{'lon': 144.928362125005, 'lat': -37.7948087414394}"
Health Services,Private Hospital,Melbourne Private Hospital,"{'lon': 144.95728837725, 'lat': -37.7983111309698}"
Community Use,Police Station,Victoria Police,"{'lon': 144.954697453742, 'lat': -37.8003121288849}"
Community Use,Police Station,Victoria Police,"{'lon': 144.953398014034, 'lat': -37.8219773910249}"
Leisure/Recreation,Private Sports Club/Facility,Royal Park Golf Course,"{'lon': 144.956309119368, 'lat': -37.7819171308558}"
Leisure/Recreation,Major Sports & Recreation Facility,Visy Park,"{'lon': 144.961982577553, 'lat': -37.7834303940347}"
Place Of Assembly,Art Gallery/Museum,Old Melbourne Gaol Crime & Justice Experience,"{'lon': 144.965463853978, 'lat': -37.8077644149636}"
Place Of Assembly,Theatre Live,Playhouse,"{'lon': 144.968337832721, 'lat': -37.8218124583016}"
Leisure/Recreation,Informal Outdoor Facility (Park/Garden/Reserve),Batman Park,"{'lon': 144.956665812218, 'lat': -37.8218460949601}"
Office,Office,Australian Red Cross,"{'lon': 144.952635945774, 'lat': -37.7990921023192}"
Place Of Assembly,Function/Conference/Exhibition Centre,Melbourne Exhibition Centre,"{'lon': 144.95435243249, 'lat': -37.8252455123297}"
Place Of Assembly,Art Gallery/Museum,Polly Woodside,"{'lon': 144.953478052064, 'lat': -37.8242574266145}"
Place Of Assembly,Art Gallery/Museum,Victorian Arts Centre,"{'lon': 144.968837288153, 'lat': -37.8219947335768}"
Community Use,Public Buildings,Melbourne Town Hall,"{'lon': 144.966542722283, 'lat': -37.8150754791411}"
Mixed Use,Retail/Office,DFO South Wharf,"{'lon': 144.949794297819, 'lat': -37.824887401234}"
Community Use,Public Buildings,Sidney Myer Music Bowl,"{'lon': 144.974686151365, 'lat': -37.8233471608733}"
Health Services,Public Hospital,The Royal Victorian Eye & Ear Hospital,"{'lon': 144.976268275082, 'lat': -37.8087522829868}"
Place Of Assembly,Art Gallery/Museum,The Ian Potter Centre: NGV Australia,"{'lon': 144.969899048343, 'lat': -37.8174831423197}"
Purpose Built,Film & RV Studio,Channel 7 - Melbourne Broadcast Centre,"{'lon': 144.94582326909, 'lat': -37.8158572333481}"
Vacant Land,Current Construction Site,Harbour Town,"{'lon': 144.938123825625, 'lat': -37.8139256326845}"
Leisure/Recreation,Major Sports & Recreation Facility,AAMI Park,"{'lon': 144.98380297866, 'lat': -37.8247252673963}"
Place Of Assembly,Function/Conference/Exhibition Centre,Central Pier,"{'lon': 144.943475014215, 'lat': -37.8165177307702}"
Leisure/Recreation,Observation Tower/Wheel,Melbourne Star Observation Wheel,"{'lon': 144.937588920436, 'lat': -37.8116163666726}"
Education Centre,Further Education,Kangan Batman Tafe,"{'lon': 144.948908460665, 'lat': -37.8221818203024}"
Leisure/Recreation,Major Sports & Recreation Facility,Margaret Court Arena,"{'lon': 144.977591098955, 'lat': -37.8213252086842}"
Place Of Assembly,Theatre Live,MTC Theatre,"{'lon': 144.968174400274, 'lat': -37.8242661832902}"
Community Use,Public Buildings,NGV International,"{'lon': 144.969342535451, 'lat': -37.8230135000869}"
Leisure/Recreation,Informal Outdoor Facility (Park/Garden/Reserve),Birrarung Marr,"{'lon': 144.97314667014, 'lat': -37.81806108403}"
Leisure/Recreation,Indoor Recreation Facility,Artplay,"{'lon': 144.971542586509, 'lat': -37.8184198800044}"
Leisure/Recreation,Informal Outdoor Facility (Park/Garden/Reserve),Riverslide Skate Park,"{'lon': 144.972951789291, 'lat': -37.8207887122448}"
Transport,Railway Station,Macaulay Railway Station (North Melbourne) - Train stop,"{'lon': 144.936190756632, 'lat': -37.794964001386}"
Transport,Railway Station,Kensington Railway Station,"{'lon': 144.930710207518, 'lat': -37.7939140126373}"
Leisure/Recreation,Informal Outdoor Facility (Park/Garden/Reserve),Royal Park,"{'lon': 144.953834240647, 'lat': -37.7906174256581}"
Leisure/Recreation,Informal Outdoor Facility (Park/Garden/Reserve),Shrine of Rembrance Reserve,"{'lon': 144.973628364465, 'lat': -37.8320733992876}"
Residential Accommodation,Dwelling (House),Government House,"{'lon': 144.976655130464, 'lat': -37.8275635886174}"
Leisure/Recreation,Informal Outdoor Facility (Park/Garden/Reserve),Royal Botanic Gardens,"{'lon': 144.980850432751, 'lat': -37.8306631583233}"
Leisure/Recreation,Informal Outdoor Facility (Park/Garden/Reserve),Yarra Park,"{'lon': 144.986671109615, 'lat': -37.820469374101}"
Office,Office,Coronial Services Centre of Victoria,"{'lon': 144.96447462898, 'lat': -37.8243437355246}"
Leisure/Recreation,Indoor Recreation Facility,Icehouse,"{'lon': 144.935684018873, 'lat': -37.8121881194053}"
Transport,Railway Station,Parliament Railway Station,"{'lon': 144.973433796529, 'lat': -37.8127621113552}"
Transport,Railway Station,Parliament Railway Station,"{'lon': 144.972330132127, 'lat': -37.8095762219384}"
Transport,Railway Station,Melbourne Central Railway Station,"{'lon': 144.962670059539, 'lat': -37.8097759325888}"
Transport,Railway Station,Flemington Racecourse Railway Station,"{'lon': 144.908190706069, 'lat': -37.7869105822519}"
Leisure/Recreation,Informal Outdoor Facility (Park/Garden/Reserve),Darling Square,"{'lon': 144.989062559512, 'lat': -37.81299206932}"
Place Of Assembly,Art Gallery/Museum,Victoria Police Museum,"{'lon': 144.954039975197, 'lat': -37.8222182774409}"
Place Of Assembly,Art Gallery/Museum,Immigration Museum,"{'lon': 144.960426777129, 'lat': -37.8191798798062}"
Place of Worship,Church,St Pauls Cathedral,"{'lon': 144.967681647402, 'lat': -37.8169549012399}"
Warehouse/Store,Store Yard,Melbourne Wholesale Fish Market,"{'lon': 144.930613255612, 'lat': -37.8083471006041}"
Place Of Assembly,Art Gallery/Museum,Fire Services Museum Victoria,"{'lon': 144.975373745366, 'lat': -37.8085761281612}"
Place Of Assembly,Art Gallery/Museum,The Ian Potter Museum Of Art,"{'lon': 144.964156669702, 'lat': -37.7973939595503}"
Education Centre,Tertiary (University),University of Melbourne,"{'lon': 144.96099520158, 'lat': -37.7982892284927}"
Mixed Use,Retail/Office/Residential/Carpark,QV Village,"{'lon': 144.965714574014, 'lat': -37.8106891897454}"
Leisure/Recreation,Informal Outdoor Facility (Park/Garden/Reserve),Parliament Reserve,"{'lon': 144.973462202839, 'lat': -37.809852620638}"
Leisure/Recreation,Major Sports & Recreation Facility,North Melbourne Recreation Centre (Aquatic),"{'lon': 144.943290801869, 'lat': -37.7999470049655}"
Office,Office,North Melbourne Football Club,"{'lon': 144.940963510723, 'lat': -37.799771364073}"
Leisure/Recreation,Gymnasium/Health Club,North Melbourne Recreation Centre (Gymnasium),"{'lon': 144.940368286395, 'lat': -37.7997051197931}"
Leisure/Recreation,Indoor Recreation Facility,Carlton Baths,"{'lon': 144.971696548624, 'lat': -37.7934377042609}"
Community Use,Public Buildings,Conservatory,"{'lon': 144.9785597431, 'lat': -37.814002127195}"
Mixed Use,Retail/Residential,Eureka Tower,"{'lon': 144.964456721965, 'lat': -37.8215157539717}"
Mixed Use,Retail/Office/Residential/Carpark,Freshwater Place,"{'lon': 144.96246144843, 'lat': -37.8219745489446}"
Community Use,Visitor Centre,Melbourne Visitor Centre,"{'lon': 144.967937138226, 'lat': -37.8177352402006}"
Place Of Assembly,Art Gallery/Museum,Australian Centre For The Moving Image (ACMI),"{'lon': 144.969070431323, 'lat': -37.8176107327202}"
Place Of Assembly,Function/Conference/Exhibition Centre,Dallas Brooks Centre,"{'lon': 144.981383411592, 'lat': -37.8097374138234}"
Place of Worship,Church,St Francis Church,"{'lon': 144.962422614541, 'lat': -37.8118847831837}"
Place of Worship,Church,St James Church,"{'lon': 144.952468571683, 'lat': -37.8101281201969}"
Place of Worship,Church,St Mary's Anglican Church,"{'lon': 144.953761537074, 'lat': -37.8031663672997}"
Place of Worship,Church,Scots Church,"{'lon': 144.96855105335, 'lat': -37.8145687802664}"
Place of Worship,Church,St Michael's Uniting Church,"{'lon': 144.969174036096, 'lat': -37.8143851324913}"
Place of Worship,Church,Greek Orthodox Church,"{'lon': 144.978259089269, 'lat': -37.8088064667555}"
Place of Worship,Church,North Melbourne Uniting,"{'lon': 144.947671538375, 'lat': -37.8035538471344}"
Place of Worship,Church,South Yarra Presbyterian Church,"{'lon': 144.98562699348, 'lat': -37.8407473645397}"
Place of Worship,Synagogue,East Melbourne Synagogue,"{'lon': 144.97422190954, 'lat': -37.809113728917}"
Transport,Transport Terminal,Port of Melbourne,"{'lon': 144.91753432375, 'lat': -37.8137384362671}"
Leisure/Recreation,Major Sports & Recreation Facility,Carlton Football Club,"{'lon': 144.961967841559, 'lat': -37.7840864379557}"
Education Centre,Primary Schools,Carlton Gardens Primary School,"{'lon': 144.969406272035, 'lat': -37.8020953835112}"
Leisure/Recreation,Informal Outdoor Facility (Park/Garden/Reserve),Carlton Gardens North,"{'lon': 144.971997551189, 'lat': -37.8017690847403}"
Leisure/Recreation,Informal Outdoor Facility (Park/Garden/Reserve),Kings Domain,"{'lon': 144.974107925144, 'lat': -37.8255239795833}"
Education Centre,Secondary Schools,Melbourne Grammar School,"{'lon': 144.976285045233, 'lat': -37.8342561018747}"
Place Of Assembly,Theatre Live,FairFax Studio,"{'lon': 144.968836241692, 'lat': -37.8216684581887}"
Leisure/Recreation,Major Sports & Recreation Facility,Flemington Racecourse,"{'lon': 144.912142987372, 'lat': -37.7908082646624}"
Leisure/Recreation,Informal Outdoor Facility (Park/Garden/Reserve),Treasury Gardens,"{'lon': 144.975952335785, 'lat': -37.8143993575938}"
Mixed Use,Retail/Office,Treasury Reserve,"{'lon': 144.975236759799, 'lat': -37.8129178793082}"
Health Services,Private Hospital,Epworth Freemasons Hospital : Medical Centre,"{'lon': 144.982336768182, 'lat': -37.8093444587231}"
Community Use,Government Building,Melbourne Magistrates Court,"{'lon': 144.956846193891, 'lat': -37.8136147671606}"
Transport,Railway Station,Flagstaff Railway Station,"{'lon': 144.956318211113, 'lat': -37.8122356514626}"
Leisure/Recreation,Major Sports & Recreation Facility,Melbourne Cricket Ground (MCG),"{'lon': 144.983402879078, 'lat': -37.8194921618419}"
Vacant Land,Vacant Land - Undeveloped Site,Melbourne International Karting Complex,"{'lon': 144.913822928701, 'lat': -37.8310746380616}"
Mixed Use,Retail/Office/Carpark,Southgate Arts and Leisure Precinct,"{'lon': 144.965989052839, 'lat': -37.8202245786597}"
Place Of Assembly,Art Gallery/Museum,Australian Centre for Contemporary Art,"{'lon': 144.967252924593, 'lat': -37.8266045432686}"
Place of Worship,Church,St Patricks Cathedral,"{'lon': 144.975901529712, 'lat': -37.8101140950474}"
Office,Office,Parliament House,"{'lon': 144.97372641185, 'lat': -37.811246655376}"
Office,Office,Former Royal Mint,"{'lon': 144.957055454136, 'lat': -37.8121838748712}"
Leisure/Recreation,Informal Outdoor Facility (Park/Garden/Reserve),Queen Victoria Gardens,"{'lon': 144.971049530478, 'lat': -37.8216381244891}"
Office,Office,SBS (Special Broadcasting Service),"{'lon': 144.968740597156, 'lat': -37.8176921210305}"
Leisure/Recreation,Informal Outdoor Facility (Park/Garden/Reserve),Federation Square,"{'lon': 144.968963600783, 'lat': -37.8178516571684}"
Leisure/Recreation,Informal Outdoor Facility (Park/Garden/Reserve),New Quay,"{'lon': 144.941617889032, 'lat': -37.8152178789077}"
Purpose Built,Film & RV Studio,Central City Studios,"{'lon': 144.935655305362, 'lat': -37.8142318521296}"
Transport,Marina,New Quay Marina,"{'lon': 144.942283726231, 'lat': -37.8152925454954}"
Leisure/Recreation,Informal Outdoor Facility (Park/Garden/Reserve),Newmarket Reserve,"{'lon': 144.922972125346, 'lat': -37.7878473341234}"
Health Services,Public Hospital,Royal Womens Hospital,"{'lon': 144.954897253856, 'lat': -37.7988892460088}"
Specialist Residential Accommodation,Hostel,The Mission To Seafarers Victoria,"{'lon': 144.951254841448, 'lat': -37.8224995970811}"
Leisure/Recreation,"Outdoor Recreation Facility (Zoo, Golf Course)",Wonderland Park,"{'lon': 144.936833674975, 'lat': -37.8116945351989}"
Leisure/Recreation,Major Sports & Recreation Facility,Rod Laver Arena,"{'lon': 144.978487173787, 'lat': -37.8220456119807}"
Leisure/Recreation,Major Sports & Recreation Facility,Melbourne Park,"{'lon': 144.978735802793, 'lat': -37.8209085970021}"
Leisure/Recreation,Major Sports & Recreation Facility,Hisense Arena,"{'lon': 144.981834802535, 'lat': -37.823110002667}"
Place Of Assembly,Art Gallery/Museum,Melbourne Museum,"{'lon': 144.971690718887, 'lat': -37.8035518129299}"
Community Use,Public Buildings,Elisabeth Murdoch Hall,"{'lon': 144.967450979234, 'lat': -37.8239733704282}"
Community Use,Public Buildings,Melbourne Recital Centre,"{'lon': 144.967682729667, 'lat': -37.8238327885805}"
Place Of Assembly,Theatre Live,Hamer Hall,"{'lon': 144.967992144257, 'lat': -37.8199901009015}"
Leisure/Recreation,Informal Outdoor Facility (Park/Garden/Reserve),J.J Holland Park,"{'lon': 144.923837074813, 'lat': -37.7982358832177}"
Transport,Railway Station,South Kensington Railway Station,"{'lon': 144.925837749713, 'lat': -37.7997270537735}"
Health Services,Public Hospital,Royal Childrens Hospital,"{'lon': 144.950048264678, 'lat': -37.7942060847278}"
Transport,Railway Station,Royal Park Railway Station,"{'lon': 144.951667833921, 'lat': -37.7812684282825}"
Place Of Assembly,Art Gallery/Museum,National Sports Museum,"{'lon': 144.984669809381, 'lat': -37.8189544909462}"
Office,Office,State Coroners Office,"{'lon': 144.964675254819, 'lat': -37.8244982228756}"
Transport,Railway Station,Flagstaff Railway Station,"{'lon': 144.9561186805, 'lat': -37.8116384403974}"
Transport,Railway Station,Melbourne Central Railway Station,"{'lon': 144.96169061383, 'lat': -37.8105992402369}"
Transport,Railway Station,Melbourne Central Railway Station,"{'lon': 144.963100728702, 'lat': -37.8108930047401}"
Place Of Assembly,Theatre Live,Athanaeum Theatre,"{'lon': 144.96732254212, 'lat': -37.814954347831}"
Leisure/Recreation,"Outdoor Recreation Facility (Zoo, Golf Course)",Riverside Park,"{'lon': 144.915607065132, 'lat': -37.7948375315825}"
Leisure/Recreation,Informal Outdoor Facility (Park/Garden/Reserve),Flagstaff Gardens,"{'lon': 144.954696055235, 'lat': -37.8111222889277}"
Education Centre,Primary Schools,North Melbourne Primary School,"{'lon': 144.951065772876, 'lat': -37.7986737155551}"
Place Of Assembly,Theatre Live,Her Majesty's Theatre,"{'lon': 144.969520183129, 'lat': -37.8109975612842}"
Leisure/Recreation,Informal Outdoor Facility (Park/Garden/Reserve),Fawkner Park,"{'lon': 144.981625667877, 'lat': -37.8413996708186}"
Leisure/Recreation,Informal Outdoor Facility (Park/Garden/Reserve),Fitzroy Gardens,"{'lon': 144.980455714669, 'lat': -37.8129616331579}"
Place Of Assembly,Art Gallery/Museum,Sinclair's Cottage,"{'lon': 144.980554992725, 'lat': -37.8145407488014}"
Education Centre,Tertiary (University),BIO 21 Institute,"{'lon': 144.953780325865, 'lat': -37.7978743305343}"
Leisure/Recreation,Informal Outdoor Facility (Park/Garden/Reserve),Enterprize Park,"{'lon': 144.959276859602, 'lat': -37.820210269629}"
Transport,Railway Station,Flinders Street Railway Station,"{'lon': 144.967064817875, 'lat': -37.8179063007545}"
Community Use,Fire Station,Metropolitan Fire Brigade (MFB),"{'lon': 144.975247619376, 'lat': -37.8092318636838}"
Health Services,Public Hospital,Royal Melbourne Hospital,"{'lon': 144.956389746765, 'lat': -37.7993071664096}"
Place Of Assembly,Art Gallery/Museum,Koorie Heritage Trust Inc,"{'lon': 144.954027907736, 'lat': -37.8133854259085}"
Community Use,Public Buildings,Commonwealth Law Courts,"{'lon': 144.955823833257, 'lat': -37.8123961677596}"
Education Centre,Tertiary (University),RMIT University,"{'lon': 144.964452974798, 'lat': -37.8080795360545}"
Leisure/Recreation,Informal Outdoor Facility (Park/Garden/Reserve),Macarthur Square,"{'lon': 144.971514146104, 'lat': -37.7983318676737}"
Leisure/Recreation,Major Sports & Recreation Facility,City Baths,"{'lon': 144.963189789721, 'lat': -37.8071585350561}"
Leisure/Recreation,Informal Outdoor Facility (Park/Garden/Reserve),Westgate Park,"{'lon': 144.908824792698, 'lat': -37.8314918578874}"
Transport,Railway Station,North Melbourne Railway Station,"{'lon': 144.942429848025, 'lat': -37.8073823625058}"
Place Of Assembly,Art Gallery/Museum,Cooks' Cottage,"{'lon': 144.979471339826, 'lat': -37.8144604899837}"
Place Of Assembly,Art Gallery/Museum,Royal Exhibition Building,"{'lon': 144.971521914952, 'lat': -37.80460262432}"
Community Use,Public Buildings,Melbourne Childrens Court,"{'lon': 144.958298873269, 'lat': -37.8125077646598}"
Leisure/Recreation,Major Sports & Recreation Facility,Etihad Stadium,"{'lon': 144.947496254547, 'lat': -37.8161760471742}"
Leisure/Recreation,Observation Tower/Wheel,Eureka Skydeck 88,"{'lon': 144.964622218598, 'lat': -37.8216187583314}"
Community Use,Public Buildings,County Court Melbourne,"{'lon': 144.957734246387, 'lat': -37.8132011619962}"
Health Services,Public Hospital,Peter Maccallum Cancer Institute,"{'lon': 144.977400949063, 'lat': -37.8114766732026}"
Leisure/Recreation,Informal Outdoor Facility (Park/Garden/Reserve),Sandridge Rail Bridge,"{'lon': 144.96298113724, 'lat': -37.8201763042794}"
Leisure/Recreation,Informal Outdoor Facility (Park/Garden/Reserve),Lincoln Square,"{'lon': 144.962760852233, 'lat': -37.8027919689732}"
Health Services,Private Hospital,Epworth Freemasons Hospital,"{'lon': 144.98370007659, 'lat': -37.8109710654051}"
Residential Accommodation,Dwelling (House),Bishopscourt,"{'lon': 144.98350690799, 'lat': -37.8132921649416}"
Place Of Assembly,Art Gallery/Museum,The Museum Of Australian Chinese History,"{'lon': 144.96923385414, 'lat': -37.8107686127655}"
Place Of Assembly,Library,The Melbourne Athenaeum Library,"{'lon': 144.967291289941, 'lat': -37.8148855756416}"
Place of Worship,Church,Romanian Orthodox,"{'lon': 144.966986444597, 'lat': -37.8052307297468}"
Place of Worship,Church,Welsh Presbyterian Church,"{'lon': 144.959873260087, 'lat': -37.8104478768313}"
Place of Worship,Church,St Peter's Eastern Hill,"{'lon': 144.975259178609, 'lat': -37.8097086714637}"
Place of Worship,Church,Lutheran Trinity Church,"{'lon': 144.975729473552, 'lat': -37.8109757054396}"
Place of Worship,Church,St Johns Lutheran Church,"{'lon': 144.967121099857, 'lat': -37.8209399677168}"
Place of Worship,Church,St Michaels,"{'lon': 144.945399480629, 'lat': -37.7940512679297}"
Place of Worship,Church,Ukranian Catholic Cathedral,"{'lon': 144.944313454028, 'lat': -37.7963084580345}"
Place of Worship,Church,Collins Street Baptist Church,"{'lon': 144.968072486031, 'lat': -37.8147011904647}"
Place of Worship,Church,St Thomas Aquinas Church,"{'lon': 144.976809080472, 'lat': -37.8353076902578}"
Place of Worship,Church,The Parish of Christ Church South Yarra,"{'lon': 144.986009385387, 'lat': -37.8386270533576}"
Community Use,Police Station,Victoria Police,"{'lon': 144.966486801188, 'lat': -37.8164849024046}"
Community Use,Visitor Centre,Melbourne Visitor Booth,"{'lon': 144.964425882562, 'lat': -37.8139525061193}"
Leisure/Recreation,Major Sports & Recreation Facility,State Netball Hockey Centre,"{'lon': 144.947580972027, 'lat': -37.7857860016289}"
Leisure/Recreation,Informal Outdoor Facility (Park/Garden/Reserve),University Square,"{'lon': 144.960398319302, 'lat': -37.800410711209}"
Leisure/Recreation,Informal Outdoor Facility (Park/Garden/Reserve),Powlett Reserve,"{'lon': 144.987275671763, 'lat': -37.8116929882498}"
Community Use,Cemetery,Melbourne General Cemetery,"{'lon': 144.965785979892, 'lat': -37.7891890023616}"
Retail,Retail,Queen Victoria Market,"{'lon': 144.957158515056, 'lat': -37.8075002018073}"
Education Centre,Primary Schools,Carlton Primary School,"{'lon': 144.970147317976, 'lat': -37.7959079757171}"
Education Centre,School - Primary and Secondary Education,Wesley College,"{'lon': 144.982227770988, 'lat': -37.8485201804496}"
Place Of Assembly,Theatre Live,State Theatre,"{'lon': 144.968469643744, 'lat': -37.8212806349773}"
Education Centre,Tertiary (University),University of Melbourne (VCA and Music),"{'lon': 144.96933253996, 'lat': -37.8241137662047}"
Place Of Assembly,Theatre Live,St Martins Youth Arts Centre,"{'lon': 144.98114217385, 'lat': -37.8352429531289}"
Transport,Railway Station,Southern Cross Railway Station,"{'lon': 144.952944748845, 'lat': -37.8181633057171}"
Place Of Assembly,Theatre Live,Princess Theatre,"{'lon': 144.9723265962, 'lat': -37.8107257091302}"
Education Centre,Secondary Schools,University High School,"{'lon': 144.956034449946, 'lat': -37.7973136216903}"
Community Use,Public Buildings,State Library Victoria,"{'lon': 144.964330322397, 'lat': -37.8099852201226}"
Place Of Assembly,Theatre Live,Regent Theatre,"{'lon': 144.967916735261, 'lat': -37.8160014744179}"
Office,Office,Old Treasury Building,"{'lon': 144.974423610255, 'lat': -37.8132371662585}"
Community Use,Public Buildings,Supreme Court,"{'lon': 144.957894024264, 'lat': -37.8141494182814}"
Leisure/Recreation,Informal Outdoor Facility (Park/Garden/Reserve),Richmond Football Club,"{'lon': 144.988156318781, 'lat': -37.8216740022008}"
Leisure/Recreation,"Outdoor Recreation Facility (Zoo, Golf Course)",Melbourne Zoo,"{'lon': 144.951371205938, 'lat': -37.7844449253712}"
Office,Office,Australian Broadcasting Corporation (ABC),"{'lon': 144.966551401578, 'lat': -37.823813323734}"
Place Of Assembly,Function/Conference/Exhibition Centre,Melbourne Convention Centre,"{'lon': 144.952288281644, 'lat': -37.8249040484653}"
Leisure/Recreation,Private Sports Club/Facility,Melbourne International Shooting Club,"{'lon': 144.913415802464, 'lat': -37.8292844929826}"
Place Of Assembly,Theatre Live,Malthouse Theatre,"{'lon': 144.966936821789, 'lat': -37.8271768001126}"
Purpose Built,Casino,Crown Entertainment Complex,"{'lon': 144.957312880653, 'lat': -37.8235761092516}"
Place Of Assembly,Art Gallery/Museum,Thoroughbred Racing Gallery,"{'lon': 144.9839700954, 'lat': -37.8188662730911}"
Leisure/Recreation,Informal Outdoor Facility (Park/Garden/Reserve),Docklands Park,"{'lon': 144.946781702342, 'lat': -37.8209956785618}"
Mixed Use,Retail/Office,Waterfront City,"{'lon': 144.939136876334, 'lat': -37.815056661803}"
Leisure/Recreation,Informal Outdoor Facility (Park/Garden/Reserve),Point Park,"{'lon': 144.942102276731, 'lat': -37.8233522700646}"
Education Centre,Primary Schools,Kensington Primary School,"{'lon': 144.927108735461, 'lat': -37.7925235045455}"
Place Of Assembly,Art Gallery/Museum,Fox Classic Car Collection,"{'lon': 144.948496661709, 'lat': -37.8213744301481}"
Vacant Land,Current Construction Site - Commercial,Railway Good Shed No 2,"{'lon': 144.951378883631, 'lat': -37.8211371302179}"
Place Of Assembly,Cinema,IMAX Melbourne,"{'lon': 144.970639929886, 'lat': -37.8034315561903}"
Community Use,Public Buildings,Melbourne Theatre Company,"{'lon': 144.968297429894, 'lat': -37.823930384816}"
Leisure/Recreation,Informal Outdoor Facility (Park/Garden/Reserve),Alexandra Gardens,"{'lon': 144.971796067365, 'lat': -37.8206051404251}"
Transport,Railway Station,Parliament Railway Station,"{'lon': 144.973017263156, 'lat': -37.8116061787171}"
Transport,Railway Station,Richmond Railway Station (Richmond) - Train stop,"{'lon': 144.989400751664, 'lat': -37.8238992659834}"
Transport,Railway Station,Jolimont-MCG Railway Station (East Melbourne) - Train stop,"{'lon': 144.983641003377, 'lat': -37.8165651811668}"
Leisure/Recreation,Informal Outdoor Facility (Park/Garden/Reserve),North Melbourne Recreation Reserve,"{'lon': 144.941452061463, 'lat': -37.7988345257153}"
Leisure/Recreation,Informal Outdoor Facility (Park/Garden/Reserve),Princes Park,"{'lon': 144.961115214367, 'lat': -37.7870161727156}"
Community Use,Public Buildings,Shrine of Remembrance,"{'lon': 144.973441913623, 'lat': -37.8302080020387}"
Office,Office,Victorian Insitute of Forensic Medicine,"{'lon': 144.964979061564, 'lat': -37.8246924089335}"
Office,Office,Donor Tissue Bank of Victoria,"{'lon': 144.965169035668, 'lat': -37.8248231859563}"
Transport,Railway Station,Parliament Railway Station,"{'lon': 144.973742010011, 'lat': -37.8121572789173}"
Transport,Railway Station,Showgrounds Railway Station (Flemington),"{'lon': 144.914902626775, 'lat': -37.7834651216244}"
Transport,Railway Station,Newmarket Railway Station,"{'lon': 144.929059958114, 'lat': -37.7872726241965}"
Health Services,Public Hospital,Alfred Hospital,"{'lon': 144.981786260765, 'lat': -37.8462631206461}"
Place Of Assembly,Theatre Live,Carlton Courthouse Theatre,"{'lon': 144.968750113566, 'lat': -37.7976589943217}"
Leisure/Recreation,"Outdoor Recreation Facility (Zoo, Golf Course)",Melbourne Showgrounds,"{'lon': 144.910822117306, 'lat': -37.7823097850883}"
Place Of Assembly,Theatre Live,Comedy Theatre,"{'lon': 144.97013311862, 'lat': -37.8102053945163}"
Place Of Assembly,Theatre Live,La Mama Theatre,"{'lon': 144.967669503083, 'lat': -37.7991304956733}"
Industrial,Industrial (Manufacturing),Kraft,"{'lon': 144.923475698195, 'lat': -37.8262313085528}"
Place Of Assembly,Theatre Live,Forum Theatre,"{'lon': 144.969386556998, 'lat': -37.816485409696}"
Mixed Use,Retail/Office/Carpark,"Melbourne Wholesale Fruit, Vegetable & Flower Market","{'lon': 144.923287444259, 'lat': -37.80687252157}"
Mixed Use,Retail/Office/Carpark,Melbourne Central,"{'lon': 144.962749729496, 'lat': -37.8105371797142}"
Transport,Railway Station,Melbourne Central Railway Station,"{'lon': 144.963789344893, 'lat': -37.8100167030855}"
Leisure/Recreation,Informal Outdoor Facility (Park/Garden/Reserve),Argyle Square,"{'lon': 144.965761295089, 'lat': -37.8031480577285}"
Leisure/Recreation,Informal Outdoor Facility (Park/Garden/Reserve),Piazza Italia,"{'lon': 144.965863092947, 'lat': -37.8025164192523}"
Leisure/Recreation,Informal Outdoor Facility (Park/Garden/Reserve),Murchinson Square,"{'lon': 144.973059252203, 'lat': -37.8002735025371}"
Purpose Built,Aquarium,Melbourne Aquarium,"{'lon': 144.958425696055, 'lat': -37.8209627824685}"
Leisure/Recreation,Major Sports & Recreation Facility,Westpac Centre,"{'lon': 144.979720306309, 'lat': -37.8242456858593}"
Health Services,Public Hospital,Royal Dental Hospital,"{'lon': 144.964526842767, 'lat': -37.7995065904416}"
Transport,Bridge,Webb Bridge,"{'lon': 144.947291011905, 'lat': -37.8232052384507}"
Education Centre,School - Primary and Secondary Education,Melbourne Girls Grammar School,"{'lon': 144.985089428348, 'lat': -37.8315364518803}"
Retail,Department Store,Myer,"{'lon': 144.963855087868, 'lat': -37.8135911985281}"
Retail,Department Store,David Jones,"{'lon': 144.964373486798, 'lat': -37.8133127260638}"
Health Services,Medical Services,Mercy Private Hospital,"{'lon': 144.984435746587, 'lat': -37.811896809802}"
Mixed Use,Retail/Office/Carpark,ANZ 'Gothic' Bank,"{'lon': 144.961673719242, 'lat': -37.8161580666029}"
