Measure Code,Parent Description,Description,2011,2016,2017,2018,2019,2020,2021,2022
ERP_P_20,Estimated resident population - year ended 30 June,Estimated resident population (no.),,,1486,3208,5305,7342,10301,13044
ERP_21,Estimated resident population - year ended 30 June,Population density (persons/km2),,,40.5,87.4,144.5,200,280.6,355.4
ERP_M_20,Estimated resident population - year ended 30 June,Estimated resident population - males (no.),,,770,1656,2743,3795,5320,
ERP_F_20,Estimated resident population - year ended 30 June,Estimated resident population - females (no.),,,716,1552,2562,3547,4981,
ERP_19,Estimated resident population - year ended 30 June,Median age - males (years),,,29.1,28.4,28.4,28.8,29.4,
ERP_22,Estimated resident population - year ended 30 June,Median age - females (years),,,29.9,29.1,29.1,29.2,29.4,
ERP_23,Estimated resident population - year ended 30 June,Median age - persons (years),,,29.6,28.8,28.8,29.1,29.4,
ERP_18,Estimated resident population - year ended 30 June,Working age population (aged 15-64 years) (no.),,,990,2146,3565,4921,6848,
ERP_17,Estimated resident population - year ended 30 June,Working age population (aged 15-64 years) (%),,,66.6,66.9,67.2,67,66.5,
ERP_M_2,Estimated resident population - Males - year ended 30 June,Males - 0-4 years (no.),,,98,218,368,517,742,
ERP_M_3,Estimated resident population - Males - year ended 30 June,Males - 5-9 years (no.),,,80,177,291,405,563,
ERP_M_4,Estimated resident population - Males - year ended 30 June,Males - 10-14 years (no.),,,46,107,182,254,364,
ERP_M_5,Estimated resident population - Males - year ended 30 June,Males - 15-19 years (no.),,,46,93,138,154,175,
ERP_M_6,Estimated resident population - Males - year ended 30 June,Males - 20-24 years (no.),,,54,125,210,286,377,
ERP_M_7,Estimated resident population - Males - year ended 30 June,Males - 25-29 years (no.),,,73,157,267,369,500,
ERP_M_8,Estimated resident population - Males - year ended 30 June,Males - 30-34 years (no.),,,105,230,381,528,738,
ERP_M_9,Estimated resident population - Males - year ended 30 June,Males - 35-39 years (no.),,,95,219,380,556,826,
ERP_M_10,Estimated resident population - Males - year ended 30 June,Males - 40-44 years (no.),,,67,140,232,323,458,
ERP_M_11,Estimated resident population - Males - year ended 30 June,Males - 45-49 years (no.),,,28,62,99,144,219,
ERP_M_12,Estimated resident population - Males - year ended 30 June,Males - 50-54 years (no.),,,25,44,69,90,122,
ERP_M_13,Estimated resident population - Males - year ended 30 June,Males - 55-59 years (no.),,,11,22,37,53,83,
ERP_M_14,Estimated resident population - Males - year ended 30 June,Males - 60-64 years (no.),,,11,19,32,42,56,
ERP_M_15,Estimated resident population - Males - year ended 30 June,Males - 65-69 years (no.),,,11,17,21,32,43,
ERP_M_16,Estimated resident population - Males - year ended 30 June,Males - 70-74 years (no.),,,10,13,19,23,27,
ERP_M_17,Estimated resident population - Males - year ended 30 June,Males - 75-79 years (no.),,,3,7,9,13,17,
ERP_M_18,Estimated resident population - Males - year ended 30 June,Males - 80-84 years (no.),,,6,2,3,3,7,
ERP_M_19,Estimated resident population - Males - year ended 30 June,Males - 85 and over (no.),,,1,4,5,3,3,
ERP_M_21,Estimated resident population - Males - year ended 30 June,Males - 0-4 years (%),,,12.7,13.2,13.4,13.6,13.9,
ERP_M_22,Estimated resident population - Males - year ended 30 June,Males - 5-9 years (%),,,10.4,10.7,10.6,10.7,10.6,
ERP_M_23,Estimated resident population - Males - year ended 30 June,Males - 10-14 years (%),,,6,6.5,6.6,6.7,6.8,
ERP_M_24,Estimated resident population - Males - year ended 30 June,Males - 15-19 years (%),,,6,5.6,5,4.1,3.3,
ERP_M_25,Estimated resident population - Males - year ended 30 June,Males - 20-24 years (%),,,7,7.5,7.7,7.5,7.1,
ERP_M_26,Estimated resident population - Males - year ended 30 June,Males - 25-29 years (%),,,9.5,9.5,9.7,9.7,9.4,
ERP_M_27,Estimated resident population - Males - year ended 30 June,Males - 30-34 years (%),,,13.6,13.9,13.9,13.9,13.9,
ERP_M_28,Estimated resident population - Males - year ended 30 June,Males - 35-39 years (%),,,12.3,13.2,13.9,14.7,15.5,
ERP_M_29,Estimated resident population - Males - year ended 30 June,Males - 40-44 years (%),,,8.7,8.5,8.5,8.5,8.6,
ERP_M_30,Estimated resident population - Males - year ended 30 June,Males - 45-49 years (%),,,3.6,3.7,3.6,3.8,4.1,
ERP_M_31,Estimated resident population - Males - year ended 30 June,Males - 50-54 years (%),,,3.2,2.7,2.5,2.4,2.3,
ERP_M_32,Estimated resident population - Males - year ended 30 June,Males - 55-59 years (%),,,1.4,1.3,1.3,1.4,1.6,
ERP_M_33,Estimated resident population - Males - year ended 30 June,Males - 60-64 years (%),,,1.4,1.1,1.2,1.1,1.1,
ERP_M_34,Estimated resident population - Males - year ended 30 June,Males - 65-69 years (%),,,1.4,1,0.8,0.8,0.8,
ERP_M_35,Estimated resident population - Males - year ended 30 June,Males - 70-74 years (%),,,1.3,0.8,0.7,0.6,0.5,
ERP_M_36,Estimated resident population - Males - year ended 30 June,Males - 75-79 years (%),,,0.4,0.4,0.3,0.3,0.3,
ERP_M_37,Estimated resident population - Males - year ended 30 June,Males - 80-84 years (%),,,0.8,0.1,0.1,0.1,0.1,
ERP_M_38,Estimated resident population - Males - year ended 30 June,Males - 85 and over (%),,,0.1,0.2,0.2,0.1,0.1,
ERP_F_2,Estimated resident population - Females - year ended 30 June,Females - 0-4 years (no.),,,87,200,339,481,690,
ERP_F_3,Estimated resident population - Females - year ended 30 June,Females - 5-9 years (no.),,,75,168,271,376,548,
ERP_F_4,Estimated resident population - Females - year ended 30 June,Females - 10-14 years (no.),,,52,110,177,240,341,
ERP_F_5,Estimated resident population - Females - year ended 30 June,Females - 15-19 years (no.),,,28,74,121,156,197,
ERP_F_6,Estimated resident population - Females - year ended 30 June,Females - 20-24 years (no.),,,43,92,148,202,257,
ERP_F_7,Estimated resident population - Females - year ended 30 June,Females - 25-29 years (no.),,,76,173,291,401,544,
ERP_F_8,Estimated resident population - Females - year ended 30 June,Females - 30-34 years (no.),,,127,276,454,623,873,
ERP_F_9,Estimated resident population - Females - year ended 30 June,Females - 35-39 years (no.),,,96,207,345,474,667,
ERP_F_10,Estimated resident population - Females - year ended 30 June,Females - 40-44 years (no.),,,38,90,152,218,321,
ERP_F_11,Estimated resident population - Females - year ended 30 June,Females - 45-49 years (no.),,,17,34,62,103,156,
ERP_F_12,Estimated resident population - Females - year ended 30 June,Females - 50-54 years (no.),,,19,35,56,76,101,
ERP_F_13,Estimated resident population - Females - year ended 30 June,Females - 55-59 years (no.),,,15,30,53,69,106,
ERP_F_14,Estimated resident population - Females - year ended 30 June,Females - 60-64 years (no.),,,16,24,38,54,72,
ERP_F_15,Estimated resident population - Females - year ended 30 June,Females - 65-69 years (no.),,,9,20,30,41,59,
ERP_F_16,Estimated resident population - Females - year ended 30 June,Females - 70-74 years (no.),,,11,13,15,19,26,
ERP_F_17,Estimated resident population - Females - year ended 30 June,Females - 75-79 years (no.),,,4,5,9,14,19,
ERP_F_18,Estimated resident population - Females - year ended 30 June,Females - 80-84 years (no.),,,,,,,4,
ERP_F_19,Estimated resident population - Females - year ended 30 June,Females - 85 and over (no.),,,3,1,1,,,
ERP_F_21,Estimated resident population - Females - year ended 30 June,Females - 0-4 years (%),,,12.2,12.9,13.2,13.6,13.9,
ERP_F_22,Estimated resident population - Females - year ended 30 June,Females - 5-9 years (%),,,10.5,10.8,10.6,10.6,11,
ERP_F_23,Estimated resident population - Females - year ended 30 June,Females - 10-14 years (%),,,7.3,7.1,6.9,6.8,6.8,
ERP_F_24,Estimated resident population - Females - year ended 30 June,Females - 15-19 years (%),,,3.9,4.8,4.7,4.4,4,
ERP_F_25,Estimated resident population - Females - year ended 30 June,Females - 20-24 years (%),,,6,5.9,5.8,5.7,5.2,
ERP_F_26,Estimated resident population - Females - year ended 30 June,Females - 25-29 years (%),,,10.6,11.1,11.4,11.3,10.9,
ERP_F_27,Estimated resident population - Females - year ended 30 June,Females - 30-34 years (%),,,17.7,17.8,17.7,17.6,17.5,
ERP_F_28,Estimated resident population - Females - year ended 30 June,Females - 35-39 years (%),,,13.4,13.3,13.5,13.4,13.4,
ERP_F_29,Estimated resident population - Females - year ended 30 June,Females - 40-44 years (%),,,5.3,5.8,5.9,6.1,6.4,
ERP_F_30,Estimated resident population - Females - year ended 30 June,Females - 45-49 years (%),,,2.4,2.2,2.4,2.9,3.1,
ERP_F_31,Estimated resident population - Females - year ended 30 June,Females - 50-54 years (%),,,2.7,2.3,2.2,2.1,2,
ERP_F_32,Estimated resident population - Females - year ended 30 June,Females - 55-59 years (%),,,2.1,1.9,2.1,1.9,2.1,
ERP_F_33,Estimated resident population - Females - year ended 30 June,Females - 60-64 years (%),,,2.2,1.5,1.5,1.5,1.4,
ERP_F_34,Estimated resident population - Females - year ended 30 June,Females - 65-69 years (%),,,1.3,1.3,1.2,1.2,1.2,
ERP_F_35,Estimated resident population - Females - year ended 30 June,Females - 70-74 years (%),,,1.5,0.8,0.6,0.5,0.5,
ERP_F_36,Estimated resident population - Females - year ended 30 June,Females - 75-79 years (%),,,0.6,0.3,0.4,0.4,0.4,
ERP_F_37,Estimated resident population - Females - year ended 30 June,Females - 80-84 years (%),,,,,,,0.1,
ERP_F_38,Estimated resident population - Females - year ended 30 June,Females - 85 and over (%),,,0.4,0.1,,,,
ERP_P_2,Estimated resident population - Persons - year ended 30 June,Persons - 0-4 years (no.),,,185,418,707,998,1432,
ERP_P_3,Estimated resident population - Persons - year ended 30 June,Persons - 5-9 years (no.),,,155,345,562,781,1111,
ERP_P_4,Estimated resident population - Persons - year ended 30 June,Persons - 10-14 years (no.),,,98,217,359,494,705,
ERP_P_5,Estimated resident population - Persons - year ended 30 June,Persons - 15-19 years (no.),,,74,167,259,310,372,
ERP_P_6,Estimated resident population - Persons - year ended 30 June,Persons - 20-24 years (no.),,,97,217,358,488,634,
ERP_P_7,Estimated resident population - Persons - year ended 30 June,Persons - 25-29 years (no.),,,149,330,558,770,1044,
ERP_P_8,Estimated resident population - Persons - year ended 30 June,Persons - 30-34 years (no.),,,232,506,835,1151,1611,
ERP_P_9,Estimated resident population - Persons - year ended 30 June,Persons - 35-39 years (no.),,,191,426,725,1030,1493,
ERP_P_10,Estimated resident population - Persons - year ended 30 June,Persons - 40-44 years (no.),,,105,230,384,541,779,
ERP_P_11,Estimated resident population - Persons - year ended 30 June,Persons - 45-49 years (no.),,,45,96,161,247,375,
ERP_P_12,Estimated resident population - Persons - year ended 30 June,Persons - 50-54 years (no.),,,44,79,125,166,223,
ERP_P_13,Estimated resident population - Persons - year ended 30 June,Persons - 55-59 years (no.),,,26,52,90,122,189,
ERP_P_14,Estimated resident population - Persons - year ended 30 June,Persons - 60-64 years (no.),,,27,43,70,96,128,
ERP_P_15,Estimated resident population - Persons - year ended 30 June,Persons - 65-69 years (no.),,,20,37,51,73,102,
ERP_P_16,Estimated resident population - Persons - year ended 30 June,Persons - 70-74 years (no.),,,21,26,34,42,53,
ERP_P_17,Estimated resident population - Persons - year ended 30 June,Persons - 75-79 years (no.),,,7,12,18,27,36,
ERP_P_18,Estimated resident population - Persons - year ended 30 June,Persons - 80-84 years (no.),,,6,2,3,3,11,
ERP_P_19,Estimated resident population - Persons - year ended 30 June,Persons - 85 and over (no.),,,4,5,6,3,3,
ERP_P_21,Estimated resident population - Persons - year ended 30 June,Persons - 0-4 years (%),,,12.4,13,13.3,13.6,13.9,
ERP_P_22,Estimated resident population - Persons - year ended 30 June,Persons - 5-9 years (%),,,10.4,10.8,10.6,10.6,10.8,
ERP_P_23,Estimated resident population - Persons - year ended 30 June,Persons - 10-14 years (%),,,6.6,6.8,6.8,6.7,6.8,
ERP_P_24,Estimated resident population - Persons - year ended 30 June,Persons - 15-19 years (%),,,5,5.2,4.9,4.2,3.6,
ERP_P_25,Estimated resident population - Persons - year ended 30 June,Persons - 20-24 years (%),,,6.5,6.8,6.7,6.6,6.2,
ERP_P_26,Estimated resident population - Persons - year ended 30 June,Persons - 25-29 years (%),,,10,10.3,10.5,10.5,10.1,
ERP_P_27,Estimated resident population - Persons - year ended 30 June,Persons - 30-34 years (%),,,15.6,15.8,15.7,15.7,15.6,
ERP_P_28,Estimated resident population - Persons - year ended 30 June,Persons - 35-39 years (%),,,12.9,13.3,13.7,14,14.5,
ERP_P_29,Estimated resident population - Persons - year ended 30 June,Persons - 40-44 years (%),,,7.1,7.2,7.2,7.4,7.6,
ERP_P_30,Estimated resident population - Persons - year ended 30 June,Persons - 45-49 years (%),,,3,3,3,3.4,3.6,
ERP_P_31,Estimated resident population - Persons - year ended 30 June,Persons - 50-54 years (%),,,3,2.5,2.4,2.3,2.2,
ERP_P_32,Estimated resident population - Persons - year ended 30 June,Persons - 55-59 years (%),,,1.7,1.6,1.7,1.7,1.8,
ERP_P_33,Estimated resident population - Persons - year ended 30 June,Persons - 60-64 years (%),,,1.8,1.3,1.3,1.3,1.2,
ERP_P_34,Estimated resident population - Persons - year ended 30 June,Persons - 65-69 years (%),,,1.3,1.2,1,1,1,
ERP_P_35,Estimated resident population - Persons - year ended 30 June,Persons - 70-74 years (%),,,1.4,0.8,0.6,0.6,0.5,
ERP_P_36,Estimated resident population - Persons - year ended 30 June,Persons - 75-79 years (%),,,0.5,0.4,0.3,0.4,0.3,
ERP_P_37,Estimated resident population - Persons - year ended 30 June,Persons - 80-84 years (%),,,0.4,0.1,0.1,,0.1,
ERP_P_38,Estimated resident population - Persons - year ended 30 June,Persons - 85 and over (%),,,0.3,0.2,0.1,,,
BD_2,Births and deaths - year ended 31 December,Births (no.),,6,28,80,165,199,266,
BD_3,Births and deaths - year ended 31 December,Total fertility rate (births per female) (rate),,,,2.59,2.19,2.38,2.36,
BD_4,Births and deaths - year ended 31 December,Deaths (no.),,,4,3,5,7,3,
MIGRATION_2,Internal and overseas migration - at 30 June,Internal arrivals (no.),,,,,,,,3125
MIGRATION_3,Internal and overseas migration - at 30 June,Internal departures (no.),,,,,,,,776
MIGRATION_4,Internal and overseas migration - at 30 June,Net internal migration (no.),,,,,,,,2349
MIGRATION_5,Internal and overseas migration - at 30 June,Overseas arrivals (no.),,,,,,,,144
MIGRATION_6,Internal and overseas migration - at 30 June,Overseas departures (no.),,,,,,,,63
MIGRATION_7,Internal and overseas migration - at 30 June,Net overseas migration (no.),,,,,,,,81
CENSUS_34,Aboriginal and Torres Strait Islander Peoples - Census,Aboriginal and Torres Strait Islander Peoples (no.),,,,,,,28,
CENSUS_2,Aboriginal and Torres Strait Islander Peoples - Census,Aboriginal and Torres Strait Islander Peoples (%),,,,,,,0.3,
CENSUS_4,Overseas born population - Census,Born in Oceania and Antarctica (excluding Australia) (%),,2.4,,,,,6.1,
CENSUS_5,Overseas born population - Census,Born in North-West Europe (%),,3.8,,,,,0.8,
CENSUS_6,Overseas born population - Census,Born in Southern and Eastern Europe (%),,12.8,,,,,1.1,
CENSUS_7,Overseas born population - Census,Born in North Africa and the Middle East (%),,,,,,,2.3,
CENSUS_8,Overseas born population - Census,Born in South-East Asia (%),,2.1,,,,,6.3,
CENSUS_9,Overseas born population - Census,Born in North-East Asia (%),,1.4,,,,,1,
CENSUS_10,Overseas born population - Census,Born in Southern and Central Asia (%),,3.1,,,,,38.7,
CENSUS_11,Overseas born population - Census,Born in Americas (%),,,,,,,0.5,
CENSUS_12,Overseas born population - Census,Born in Sub-Saharan Africa (%),,,,,,,4.3,
CENSUS_35,Overseas born population - Census,Total born overseas (no.),,77,,,,,6205,
CENSUS_13,Overseas born population - Census,Total born overseas (%),,26.7,,,,,61.2,
CENSUS_15,Religious affiliation - Census,Buddhism (%),1.4,1.7,,,,,1.7,
CENSUS_16,Religious affiliation - Census,Christianity (%),67.8,48.3,,,,,23.1,
CENSUS_17,Religious affiliation - Census,Hinduism (%),,1,,,,,21.1,
CENSUS_18,Religious affiliation - Census,Islam (%),,3.5,,,,,20.6,
CENSUS_20,Religious affiliation - Census,Other religions (%),,3.8,,,,,14.6,
CENSUS_40,Religious affiliation - Census,"Secular beliefs, other spiritual beliefs or no religion (%)",21,23.6,,,,,11.4,
CENSUS_22,Religious affiliation - Census,Religious affiliation inadequately described or not stated (%),9.4,17,,,,,7.6,
CENSUS_36,Australian citizenship - Census,Australian citizen (no.),253,227,,,,,6284,
CENSUS_37,Australian citizenship - Census,Not an Australian citizen (no.),17,19,,,,,3314,
CENSUS_38,Australian citizenship - Census,Australian citizenship not stated (no.),18,40,,,,,532,
CENSUS_29,Australian citizenship - Census,Australian citizen (%),88.5,78.8,,,,,62,
CENSUS_30,Australian citizenship - Census,Not an Australian citizen (%),5.9,6.6,,,,,32.7,
CENSUS_31,Australian citizenship - Census,Australian citizenship not stated (%),6.3,13.9,,,,,5.3,
CENSUS_39,Speaks a language other than English at home - Census,Speaks a language other than English at home (no.),66,82,,,,,6971,
CENSUS_33,Speaks a language other than English at home - Census,Speaks a language other than English at home (%),23.1,28.5,,,,,68.8,
ADFS_2,Australian Defence Force service - Persons aged 15 years and over - Census,Currently serving in the Australian Defence Force (no.),,,,,,,11,
ADFS_3,Australian Defence Force service - Persons aged 15 years and over - Census,Previously served in the Australian Defence Force (no.),,,,,,,23,
ADFS_4,Australian Defence Force service - Persons aged 15 years and over - Census,Currently serving in the Australian Defence Force (%),,,,,,,0.2,
ADFS_5,Australian Defence Force service - Persons aged 15 years and over - Census,Previously served in the Australian Defence Force (%),,,,,,,0.3,
ING_LANG1,Language - Census,Speakers of an Aboriginal or Torres Strait Islander language who identify as Aboriginal and/or Torres Strait Islander (%),0,0,,,,,0,
ING_LANG2,Language - Census,Speaks English at home (%),0,0,,,,,100,
ING_EETP1,"Engagement in employment, education or training - Census",Fully engaged (%),0,0,,,,,,
ING_EETP2,"Engagement in employment, education or training - Census",Partially or at least partially engaged (%),0,0,,,,,,
ING_EETP3,"Engagement in employment, education or training - Census",Not engaged (%),0,0,,,,,,
ING_YR12ATT,Education - Census,Attained year 12 or equivalent or Certificate III or above (aged 20-24 years) (%),0,0,,,,,,
ING_EMP1,Labour force status - Census,Employed (no.),0,0,,,,,,
ING_EMP2,Labour force status - Census,% of total labour force employed,0,0,,,,,,
ING_UNEMP1,Labour force status - Census,Unemployed (no.),0,0,,,,,,
ING_UNEMP2,Labour force status - Census,% of total labour force unemployed,0,0,,,,,,
ING_LABF,Labour force status - Census,In the labour force (no.),0,0,,,,,,
ING_LFPR,Labour force status - Census,Labour force participation rate (%),0,0,,,,,,
ING_NILF,Labour force status - Census,Not in the labour force (%),0,0,,,,,,
ING_1564,Labour force status - Census,Total responding population aged 15-64 years (no.),0,0,,,,,,
ING_EMP3,Labour force status - Census,% of total Census responding population employed,0,0,,,,,,
ING_UA1,Unpaid assistance to a person with a disability - Census,Provided unpaid assistance (no.),0,0,,,,,4,
ING_UA2,Unpaid assistance to a person with a disability - Census,Provided unpaid assistance (%),0,0,,,,,25,
ING_UPCC1,Unpaid child care - Census,Cared for own child/children (no.),0,0,,,,,3,
ING_UPCC2,Unpaid child care - Census,Cared for own child/children (%),0,0,,,,,18.8,
ING_UPCC3,Unpaid child care - Census,Cared for other child/children (no.),0,0,,,,,0,
ING_UPCC4,Unpaid child care - Census,Cared for other child/children (%),0,0,,,,,0,
ING_UPCC5,Unpaid child care - Census,Total provided unpaid child care (no.),0,0,,,,,5,
ING_UPCC6,Unpaid child care - Census,Total provided unpaid child care (%),0,0,,,,,31.3,
ING_UPCC7,Unpaid child care - Census,Did not provide unpaid child care (no.),0,0,,,,,14,
ING_UPCC8,Unpaid child care - Census,Did not provide unpaid child care (%),0,0,,,,,87.5,
ING_VOLWP1,Voluntary work for an organisation or group - Census,Volunteered for an organisation or group (no.),0,0,,,,,0,
ING_VOLWP2,Voluntary work for an organisation or group - Census,Volunteered for an organisation or group (%),0,0,,,,,0,
ING_ASHP,Appropriately sized housing - Census,Persons living in appropriately sized dwellings (Closing the Gap measure) (%),0,0,,,,,85.7,
ING_ONEBR,Appropriately sized housing - Census,Persons living in a dwelling requiring one additional bedroom (%),0,0,,,,,0,
ING_TWOBR,Appropriately sized housing - Census,Persons living in a dwelling requiring two additional bedrooms (%),0,0,,,,,0,
ING_THRBR,Appropriately sized housing - Census,Persons living in a dwelling requiring three additional bedrooms (%),0,0,,,,,0,
ING_FOUBR,Appropriately sized housing - Census,Persons living in a dwelling requiring four or more additional bedrooms (%),0,0,,,,,0,
ING_TTYPE1,Tenure type - Census,Owner with or without a mortgage (or being purchased under a shared equity scheme) (no.),0,0,,,,,10,
ING_TTYPE3,Tenure type - Census,Owner with or without a mortgage (or being purchased under a shared equity scheme) (%),0,0,,,,,35.7,
ING_TTYPE2,Tenure type - Census,Renter (no.),0,0,,,,,18,
ING_TTYPE4,Tenure type - Census,Renter (%),0,0,,,,,64.3,
CABEE_2,Number of businesses - at 30 June,Number of non-employing businesses,,,,76,179,390,461,1049
CABEE_3,Number of businesses - at 30 June,Number of employing businesses: 1-4 employees,,,,23,36,59,145,219
CABEE_4,Number of businesses - at 30 June,Number of employing businesses: 5-19 employees,,,,3,6,8,20,15
CABEE_38,Number of businesses - at 30 June,Number of employing businesses: 20 or more employees,,,,,,,3,4
CABEE_5,Number of businesses - at 30 June,Total number of businesses,,,,103,226,456,626,1281
CABEE_7,Business entries - year ended 30 June,Number of non employing business entries,,,,,80,170,157,544
CABEE_8,Business entries - year ended 30 June,Number of employing business entries: 1-4 employees,,,,,12,26,61,81
CABEE_9,Business entries - year ended 30 June,Number of employing business entries: 5-19 employees,,,,,,,4,3
CABEE_10,Business entries - year ended 30 June,Total number of business entries,,,,,99,197,220,624
CABEE_12,Business exits - year ended 30 June,Number of non employing business exits,,,,,20,45,93,96
CABEE_13,Business exits - year ended 30 June,Number of employing business exits: 1-4 employees,,,,,,12,5,9
CABEE_14,Business exits - year ended 30 June,Number of employing business exits: 5-19 employees,,,,,,,3,
CABEE_15,Business exits - year ended 30 June,Total number of business exits,,,,,22,51,100,105
CABEE_19,Number of businesses by industry - at 30 June,"Agriculture, forestry and fishing (no.)",,,,3,3,4,7,10
CABEE_28,Number of businesses by industry - at 30 June,Mining (no.),,,,3,3,3,,
CABEE_27,Number of businesses by industry - at 30 June,Manufacturing (no.),,,,3,3,3,3,14
CABEE_23,Number of businesses by industry - at 30 June,"Electricity, gas water and waste services (no.)",,,,,,3,,3
CABEE_21,Number of businesses by industry - at 30 June,Construction (no.),,,,15,29,57,84,156
CABEE_37,Number of businesses by industry - at 30 June,Wholesale trade (no.),,,,4,4,3,10,22
CABEE_34,Number of businesses by industry - at 30 June,Retail trade (no.),,,,5,9,12,28,53
CABEE_17,Number of businesses by industry - at 30 June,Accommodation and food services (no.),,,,,7,18,34,42
CABEE_36,Number of businesses by industry - at 30 June,"Transport, postal and warehousing (no.)",,,,31,93,212,271,576
CABEE_26,Number of businesses by industry - at 30 June,Information media and telecommunications (no.),,,,3,4,4,7,9
CABEE_24,Number of businesses by industry - at 30 June,Financial and insurance services (no.),,,,3,9,5,14,35
CABEE_33,Number of businesses by industry - at 30 June,"Rental, hiring and real estate services (no.)",,,,9,16,34,28,55
CABEE_31,Number of businesses by industry - at 30 June,"Professional, scientific and technical services (no.)",,,,5,12,29,54,92
CABEE_18,Number of businesses by industry - at 30 June,Administrative and support services (no.),,,,3,11,29,38,102
CABEE_32,Number of businesses by industry - at 30 June,Public administration and safety (no.),,,,,3,,3,7
CABEE_22,Number of businesses by industry - at 30 June,Education and training (no.),,,,,,,,12
CABEE_25,Number of businesses by industry - at 30 June,Health care and social assistance (no.),,,,3,4,9,23,46
CABEE_20,Number of businesses by industry - at 30 June,Arts and recreation services (no.),,,,3,4,6,5,8
CABEE_30,Number of businesses by industry - at 30 June,Other services (no.),,,,6,3,17,25,42
CABEE_42,Number of businesses by turnover - at 30 June,Number of businesses with turnover of zero to less than $50k,,,,52,114,247,332,647
CABEE_43,Number of businesses by turnover - at 30 June,Number of businesses with turnover of $50k to less than $200k,,,,31,83,157,195,458
CABEE_44,Number of businesses by turnover - at 30 June,Number of businesses with turnover of $200k to less than $2m,,,,20,31,51,88,170
CABEE_45,Number of businesses by turnover - at 30 June,Number of businesses with turnover of $2m to less than $5m,,,,3,3,3,6,5
CABEE_50,Business entries by turnover - year ended 30 June,Number of business entries with turnover of zero to less than $50k,,,,,53,121,109,352
CABEE_51,Business entries by turnover - year ended 30 June,Number of business entries with turnover of $50k to less than $200k,,,,,39,65,78,227
CABEE_52,Business entries by turnover - year ended 30 June,Number of business entries with turnover of $200k to less than $2m,,,,,4,16,33,47
CABEE_58,Business exits by turnover - year ended 30 June,Number of business exits with turnover of zero to less than $50k,,,,,23,39,78,107
CABEE_59,Business exits by turnover - year ended 30 June,Number of business exits with turnover of $50k to less than $200k,,,,,7,11,32,30
CABEE_60,Business exits by turnover - year ended 30 June,Number of business exits with turnover of $200k to less than $2m,,,,,3,10,8,8
BUILDING_2,Building approvals - year ended 30 June,Private sector houses (no.),,,388,759,470,800,1338,876
BUILDING_3,Building approvals - year ended 30 June,Private sector dwellings excluding houses (no.),,,4,11,3,7,26,26
BUILDING_12,Building approvals - year ended 30 June,Total private sector dwelling units (no.),,,392,770,473,807,1364,902
BUILDING_4,Building approvals - year ended 30 June,Total dwelling units (no.),,,392,770,473,808,1365,902
BUILDING_5,Building approvals - year ended 30 June,Value of private sector houses ($m),,,94,195,129,223,377,275
BUILDING_6,Building approvals - year ended 30 June,Value of private sector dwellings excluding houses ($m),,,1,2,1,1,5,7
BUILDING_7,Building approvals - year ended 30 June,Total value of private sector dwelling units ($m),,,95,197,130,224,382,282
BUILDING_8,Building approvals - year ended 30 June,Value of residential building ($m),,,95,197,130,224,383,282
BUILDING_9,Building approvals - year ended 30 June,Value of non-residential building ($m),,,1,,29,14,1,190
BUILDING_10,Building approvals - year ended 30 June,Value of total building ($m),,,96,198,159,238,383,471
HOUSES_2,Residential property transfers - year ended 30 June,Number of established house transfers (no.),,47,76,64,95,115,180,
HOUSES_3,Residential property transfers - year ended 30 June,Median price of established house transfers ($),,191450,293300,437500,546000,550000,560000,
HOUSES_4,Residential property transfers - year ended 30 June,Number of attached dwelling transfers (no.),,6,,,,,35,
HOUSES_5,Residential property transfers - year ended 30 June,Median price of attached dwelling transfers ($),,314900,,,,,419240,
MVC_14,Registered motor vehicles - Type of vehicle - at 31 January,Passenger vehicles (no.),,153,164,175,185,197,,
MVC_16,Registered motor vehicles - Type of vehicle - at 31 January,Light commercial vehicles (no.),,17,18,21,22,23,,
MVC_18,Registered motor vehicles - Type of vehicle - at 31 January,Heavy rigid trucks (no.),,,3,3,4,4,,
MVC_22,Registered motor vehicles - Type of vehicle - at 31 January,Motorcycles (no.),,6,6,6,6,6,,
MVC_38,Registered motor vehicles - Type of vehicle - at 31 January,Total registered motor vehicles (no.),,181,193,208,221,235,,
MVC_29,Registered motor vehicles - Type of fuel - at 31 January,Petrol (no.),,149,158,167,175,185,,
MVC_30,Registered motor vehicles - Type of fuel - at 31 January,Diesel (no.),,22,26,33,37,41,,
MVC_31,Registered motor vehicles - Type of fuel - at 31 January,LPG/dual/other (no.),,10,9,9,9,9,,
MVC_35,Registered motor vehicles - Year of manufacture - at 31 January,Less than 5 years (no.),,55,62,68,71,74,,
MVC_36,Registered motor vehicles - Year of manufacture - at 31 January,5 to 10 years (no.),,52,55,59,63,68,,
MVC_37,Registered motor vehicles - Year of manufacture - at 31 January,Over 10 years (no.),,73,76,81,87,93,,
AGRIC_3,Agricultural commodities - year ended 30 June,Area of holding - total area (ha),,,,,,,205.8,
AGRIC_12,Agricultural commodities - year ended 30 June,Sheep and lambs - total (no.),,,,,,,765.4,
AGRIC_15,Gross value of agricultural production - year ended 30 June,Agricultural production - total gross value ($m),,,,,,,0.1,
AGRIC_17,Gross value of agricultural production - year ended 30 June,Livestock slaughtered and other disposals - total gross value ($m),,,,,,,0.1,
EMP_IND_2,Industry of employment - Persons aged 15 years and over - Census,"Agriculture, forestry and fishing (%)",3.8,12.4,,,,,0.6,
EMP_IND_3,Industry of employment - Persons aged 15 years and over - Census,Mining (%),,,,,,,0.2,
EMP_IND_4,Industry of employment - Persons aged 15 years and over - Census,Manufacturing (%),15.3,10.5,,,,,5.6,
EMP_IND_5,Industry of employment - Persons aged 15 years and over - Census,"Electricity, gas water and waste services (%)",,,,,,,1.4,
EMP_IND_6,Industry of employment - Persons aged 15 years and over - Census,Construction (%),15.3,15.2,,,,,7.7,
EMP_IND_7,Industry of employment - Persons aged 15 years and over - Census,Wholesale trade (%),3.8,6.7,,,,,2.1,
EMP_IND_8,Industry of employment - Persons aged 15 years and over - Census,Retail trade (%),9.2,5.7,,,,,9.1,
EMP_IND_9,Industry of employment - Persons aged 15 years and over - Census,Accommodation and food services (%),,4.8,,,,,5.1,
EMP_IND_10,Industry of employment - Persons aged 15 years and over - Census,"Transport, postal and warehousing (%)",9.2,12.4,,,,,14,
EMP_IND_11,Industry of employment - Persons aged 15 years and over - Census,Information media and telecommunications (%),,,,,,,1.9,
EMP_IND_12,Industry of employment - Persons aged 15 years and over - Census,Financial and insurance services (%),2.3,4.8,,,,,5.8,
EMP_IND_13,Industry of employment - Persons aged 15 years and over - Census,"Rental, hiring and real estate services (%)",,3.8,,,,,1.3,
EMP_IND_14,Industry of employment - Persons aged 15 years and over - Census,"Professional, scientific and technical services (%)",6.1,4.8,,,,,7.3,
EMP_IND_15,Industry of employment - Persons aged 15 years and over - Census,Administrative and support services (%),3.1,,,,,,3.8,
EMP_IND_16,Industry of employment - Persons aged 15 years and over - Census,Public administration and safety (%),3.1,,,,,,5,
EMP_IND_17,Industry of employment - Persons aged 15 years and over - Census,Education and training (%),5.3,6.7,,,,,5.1,
EMP_IND_18,Industry of employment - Persons aged 15 years and over - Census,Health care and social assistance (%),6.9,10.5,,,,,13.9,
EMP_IND_19,Industry of employment - Persons aged 15 years and over - Census,Arts and recreation services (%),6.9,,,,,,0.8,
EMP_IND_20,Industry of employment - Persons aged 15 years and over - Census,Other services (%),2.3,4.8,,,,,2.5,
EMP_IND_22,Industry of employment - Persons aged 15 years and over - Census,Industry of employment inadequately described or not stated (%),3.1,8.6,,,,,6.7,
EMP_IND_21,Industry of employment - Persons aged 15 years and over - Census,Total persons employed aged 15 years and over (no.),131,105,,,,,4613,
DWELLSTOCK_2,Estimated dwelling stock - June quarter,Houses - additions (no.),,,280,535,641,565,1047,992
DWELLSTOCK_3,Estimated dwelling stock - June quarter,Houses - removals (no.),,,2,,4,1,2,2
DWELLSTOCK_4,Estimated dwelling stock - June quarter,Houses - total (no.),,,348,883,1520,2084,3129,4119
DWELLSTOCK_5,Estimated dwelling stock - June quarter,Townhouses - additions (no.),,,3,2,8,5,12,16
DWELLSTOCK_7,Estimated dwelling stock - June quarter,Townhouses - total (no.),,,3,5,13,18,30,46
DWELLSTOCK_11,Estimated dwelling stock - June quarter,Total dwelling additions (no.),,,283,537,649,570,1059,1008
DWELLSTOCK_12,Estimated dwelling stock - June quarter,Total dwelling removals (no.),,,2,,4,1,2,2
DWELLSTOCK_13,Estimated dwelling stock - June quarter,Total dwellings (no.),,,351,888,1533,2102,3159,4165
PENSION_2,Selected Government pensions and allowances - at 30 June,Age pension (no.),,,8,9,9,10,10,10
PENSION_16,Selected Government pensions and allowances - at 30 June,Carer allowance (no.),,,5,6,6,6,9,9
PENSION_9,Selected Government pensions and allowances - at 30 June,JobSeeker payment (no.),,,,,,20,12,7
PENSION_8,Selected Government pensions and allowances - at 30 June,Newstart allowance (no.),,,6,6,6,,,
PENSION_13,Selected Government pensions and allowances - at 30 June,Family tax benefit A (no.),,,32,34,35,36,40,48
PENSION_14,Selected Government pensions and allowances - at 30 June,Family tax benefit B (no.),,,25,26,27,28,35,34
PENSION_18,Selected Government pensions and allowances - at 30 June,Commonwealth rent assistance (no.),,,15,14,14,20,22,18
PERSINC_2,Total personal income (weekly) - Persons aged 15 years and over - Census,$1-$499 per week (%),,27.1,,,,,13.3,
PERSINC_3,Total personal income (weekly) - Persons aged 15 years and over - Census,$500-$999 per week (%),,23.1,,,,,24.4,
PERSINC_4,Total personal income (weekly) - Persons aged 15 years and over - Census,$1000-$1999 per week (%),,14.2,,,,,32.4,
PERSINC_5,Total personal income (weekly) - Persons aged 15 years and over - Census,$2000-$2999 per week (%),,1.6,,,,,6.5,
PERSINC_6,Total personal income (weekly) - Persons aged 15 years and over - Census,$3000 or more per week (%),,,,,,,1.7,
PERSINC_7,Total personal income (weekly) - Persons aged 15 years and over - Census,Nil income (%),,9.7,,,,,13.4,
PERSINC_8,Total personal income (weekly) - Persons aged 15 years and over - Census,Negative income (%),,,,,,,0.7,
PERSINC_9,Total personal income (weekly) - Persons aged 15 years and over - Census,Income inadequately described or not stated (%),,19,,,,,7.5,
EQUIV_2,Equivalised total household income (weekly) - Census,Median equivalised total household income (weekly) ($),770,778,,,,,1088,
EQUIV_3,Equivalised total household income (weekly) - Census,$1-$499 per week (%),,15.1,,,,,9.5,
EQUIV_4,Equivalised total household income (weekly) - Census,$500-$999 per week (%),,36,,,,,30.3,
EQUIV_5,Equivalised total household income (weekly) - Census,$1000-$1999 per week (%),,24.4,,,,,43.5,
EQUIV_6,Equivalised total household income (weekly) - Census,$2000-$2999 per week (%),,,,,,,7.7,
EQUIV_7,Equivalised total household income (weekly) - Census,$3000 or more per week (%),,,,,,,1.4,
EQUIV_8,Equivalised total household income (weekly) - Census,Nil income (%),,8.1,,,,,1.1,
EQUIV_9,Equivalised total household income (weekly) - Census,Partial income stated (%),,11.6,,,,,5.2,
EQUIV_10,Equivalised total household income (weekly) - Census,All incomes not stated (%),,4.7,,,,,1.3,
PRESCH_2,Children enrolled in a preschool or preschool program (4 and 5 year olds),4 year olds enrolled in preschool or preschool program (no.),,,7,6,7,7,8,
PRESCH_5,Children enrolled in a preschool or preschool program (4 and 5 year olds),Children enrolled in preschool (no.),,,4,4,4,4,4,
PRESCH_6,Children enrolled in a preschool or preschool program (4 and 5 year olds),Children enrolled in preschool program within centre based day care (no.),,,3,3,4,4,5,
PRESCH_8,Children enrolled in a preschool or preschool program (4 and 5 year olds),Children enrolled in a preschool or preschool program (no.),,,8,8,9,9,10,
PRESCH_11,Children attending a preschool or preschool program (4 and 5 year olds),Children attending preschool for 15 hours or more (no.),,,6,6,7,,,
LEED_2,Jobs in Australia - year ended 30 June,Number of jobs held by females,,93,104,117,133,143,,
LEED_3,Jobs in Australia - year ended 30 June,Number of jobs held by males,,118,133,153,171,185,,
LEED_4,Jobs in Australia - year ended 30 June,Number of jobs,,211,237,270,305,328,,
LEED_7,Jobs in Australia - year ended 30 June,Number of employee jobs - manufacturing,,14,14,14,15,15,,
LEED_8,Jobs in Australia - year ended 30 June,"Number of employee jobs - electricity, gas water and waste services",,,,,3,3,,
LEED_9,Jobs in Australia - year ended 30 June,Number of employee jobs - construction,,8,9,10,11,11,,
LEED_10,Jobs in Australia - year ended 30 June,Number of employee jobs - wholesale trade,,9,10,11,11,10,,
LEED_11,Jobs in Australia - year ended 30 June,Number of employee jobs - retail trade,,18,21,24,27,29,,
LEED_12,Jobs in Australia - year ended 30 June,Number of employee jobs - accommodation and food services,,13,15,17,19,24,,
LEED_13,Jobs in Australia - year ended 30 June,"Number of employee jobs - transport, postal and warehousing",,14,14,16,17,18,,
LEED_14,Jobs in Australia - year ended 30 June,Number of employee jobs - information media and telecommunications,,3,4,4,4,5,,
LEED_15,Jobs in Australia - year ended 30 June,Number of employee jobs - finance and insurance services,,10,10,11,12,14,,
LEED_16,Jobs in Australia - year ended 30 June,"Number of employee jobs - rental, hiring and real estate services",,3,3,3,4,4,,
LEED_17,Jobs in Australia - year ended 30 June,"Number of employee jobs - professional, scientific and technical services",,12,14,17,19,20,,
LEED_18,Jobs in Australia - year ended 30 June,Number of employee jobs - administrative and support services,,30,36,43,50,52,,
LEED_19,Jobs in Australia - year ended 30 June,Number of employee jobs - public administration and safety,,8,9,10,14,13,,
LEED_20,Jobs in Australia - year ended 30 June,Number of employee jobs - education and training,,10,11,11,9,13,,
LEED_21,Jobs in Australia - year ended 30 June,Number of employee jobs - health care and social assistance,,20,23,27,31,34,,
LEED_22,Jobs in Australia - year ended 30 June,Number of employee jobs - arts and recreation services,,3,3,3,4,4,,
LEED_23,Jobs in Australia - year ended 30 June,Number of employee jobs - other services,,4,5,5,6,7,,
LEED_24,Jobs in Australia - year ended 30 June,Number of employee jobs - total,,189,211,238,267,286,,
HIGH_2,Highest year of school completed - Persons aged 15 years and over who are no longer attending primary or secondary school - Census,Completed year 12 or equivalent (%),35.5,39.8,,,,,78.9,
HIGH_3,Highest year of school completed - Persons aged 15 years and over who are no longer attending primary or secondary school - Census,Completed year 11 or equivalent (%),12.1,10.7,,,,,3.9,
HIGH_4,Highest year of school completed - Persons aged 15 years and over who are no longer attending primary or secondary school - Census,Completed year 10 or equivalent (%),13.4,15.2,,,,,4.9,
HIGH_5,Highest year of school completed - Persons aged 15 years and over who are no longer attending primary or secondary school - Census,Completed year 9 or equivalent (%),10.8,7.4,,,,,1.4,
HIGH_6,Highest year of school completed - Persons aged 15 years and over who are no longer attending primary or secondary school - Census,Completed year 8 or below (%),12.1,9.8,,,,,1.9,
HIGH_8,Highest year of school completed - Persons aged 15 years and over who are no longer attending primary or secondary school - Census,Highest year of school completed not stated (%),13.4,20.1,,,,,7.5,
HIGH_7,Highest year of school completed - Persons aged 15 years and over who are no longer attending primary or secondary school - Census,Did not go to school (%),,,,,,,1.5,
SCHOOL_2,Non-school qualifications - Persons aged 15 years and over - Census,Total persons with non-school qualification(s) (%),46.7,61.5,,,,,75.7,
SCHOOL_3,Non-school qualifications - Persons aged 15 years and over - Census,Postgraduate degree (%),3.3,2.4,,,,,15.6,
SCHOOL_4,Non-school qualifications - Persons aged 15 years and over - Census,Graduate diploma/graduate certificate (%),,1.6,,,,,2.2,
SCHOOL_5,Non-school qualifications - Persons aged 15 years and over - Census,Bachelor degree (%),7.4,8.9,,,,,24.9,
SCHOOL_6,Non-school qualifications - Persons aged 15 years and over - Census,Advanced diploma/diploma (%),6.6,7.3,,,,,11.9,
SCHOOL_7,Non-school qualifications - Persons aged 15 years and over - Census,Certificate (%),19.3,20.6,,,,,11.5,
SCHOOL_9,Non-school qualifications - Persons aged 15 years and over - Census,Non-school qualification inadequately described (%),2,,,,,,1.2,
SCHOOL_10,Non-school qualifications - Persons aged 15 years and over - Census,Non-school qualification not stated (%),12.3,18.6,,,,,8.6,
FIELD_2,Non-school qualifications - Field of study - Persons aged 15 years and over - Census,Natural and physical sciences (%),2.6,5.9,,,,,3.3,
FIELD_3,Non-school qualifications - Field of study - Persons aged 15 years and over - Census,Information technology (%),2.6,,,,,,12.3,
FIELD_4,Non-school qualifications - Field of study - Persons aged 15 years and over - Census,Engineering and related technologies (%),29.8,17.1,,,,,11.8,
FIELD_5,Non-school qualifications - Field of study - Persons aged 15 years and over - Census,Architecture and building (%),2.6,7.9,,,,,3.1,
FIELD_6,Non-school qualifications - Field of study - Persons aged 15 years and over - Census,"Agriculture, environmental and related studies (%)",,5.3,,,,,0.5,
FIELD_7,Non-school qualifications - Field of study - Persons aged 15 years and over - Census,Health (%),2.6,2,,,,,8.8,
FIELD_8,Non-school qualifications - Field of study - Persons aged 15 years and over - Census,Education (%),7.9,4.6,,,,,4.2,
FIELD_9,Non-school qualifications - Field of study - Persons aged 15 years and over - Census,Management and commerce (%),14.9,11.8,,,,,23.3,
FIELD_10,Non-school qualifications - Field of study - Persons aged 15 years and over - Census,Society and culture (%),10.5,6.6,,,,,9.6,
FIELD_11,Non-school qualifications - Field of study - Persons aged 15 years and over - Census,Creative arts (%),2.6,2,,,,,1.7,
FIELD_12,Non-school qualifications - Field of study - Persons aged 15 years and over - Census,"Food, hospitality and personal services (%)",3.5,2,,,,,6.6,
FIELD_15,Non-school qualifications - Field of study - Persons aged 15 years and over - Census,Field of study inadequately described (%),2.6,,,,,,3.1,
FIELD_16,Non-school qualifications - Field of study - Persons aged 15 years and over - Census,Field of study not stated (%),23.7,34.2,,,,,11.5,
YOUTH_3,Youth engagement in work/study - Persons aged 15-19 years - Census,Working part time and studying part-time (%),,,,,,,0.8,
YOUTH_4,Youth engagement in work/study - Persons aged 15-19 years - Census,Working part-time and studying full-time (%),18.8,,,,,,20.5,
YOUTH_5,Youth engagement in work/study - Persons aged 15-19 years - Census,Working full-time (not studying) (%),,,,,,,1.6,
YOUTH_6,Youth engagement in work/study - Persons aged 15-19 years - Census,Studying full-time (not working) (%),37.5,55.6,,,,,59.3,
YOUTH_10,Youth engagement in work/study - Persons aged 15-19 years - Census,Working (away from work) and studying full-time (%),,,,,,,2.7,
YOUTH_8,Youth engagement in work/study - Persons aged 15-19 years - Census,Total fully engaged (%),87.5,122.2,,,,,86.6,
YOUTH_9,Youth engagement in work/study - Persons aged 15-19 years - Census,Total persons aged 15-19 years (no.),16,9,,,,,366,
LF_6,Labour force status - Persons aged 15 years and over - Census,Employed (no.),131,105,,,,,4613,
LF_3,Labour force status - Persons aged 15 years and over - Census,Unemployed (no.),4,10,,,,,363,
LF_2,Labour force status - Persons aged 15 years and over - Census,In the Labour force (no.),132,114,,,,,4978,
LF_4,Labour force status - Persons aged 15 years and over - Census,Unemployment rate (%),3,8.8,,,,,7.3,
LF_5,Labour force status - Persons aged 15 years and over - Census,Participation rate (%),54.1,46.2,,,,,71.8,
LF_7,Labour force status - Persons aged 15 years and over - Census,Not in the labour force (%),36.1,39.3,,,,,21.4,
LF_8,Labour force status - Persons aged 15 years and over - Census,Labour force status not stated (%),9.8,13.8,,,,,6.9,
LF_9,Labour force status - Persons aged 15 years and over - Census,Total persons aged 15 years and over (no.),244,247,,,,,6935,
EMP_OCC_2,Occupation of employed persons - Persons aged 15 years and over - Census,Managers (%),8.4,18.1,,,,,8.5,
EMP_OCC_3,Occupation of employed persons - Persons aged 15 years and over - Census,Professionals (%),9.9,9.5,,,,,21.4,
EMP_OCC_4,Occupation of employed persons - Persons aged 15 years and over - Census,Technicians and trades workers (%),16,21,,,,,10.6,
EMP_OCC_5,Occupation of employed persons - Persons aged 15 years and over - Census,Community and personal service workers (%),4.6,7.6,,,,,12.9,
EMP_OCC_6,Occupation of employed persons - Persons aged 15 years and over - Census,Clerical and administrative workers (%),19.1,20,,,,,12.2,
EMP_OCC_7,Occupation of employed persons - Persons aged 15 years and over - Census,Sales workers (%),9.9,6.7,,,,,7.1,
EMP_OCC_8,Occupation of employed persons - Persons aged 15 years and over - Census,Machinery operators and drivers (%),17.6,10.5,,,,,16,
EMP_OCC_9,Occupation of employed persons - Persons aged 15 years and over - Census,Labourers (%),9.2,9.5,,,,,8.4,
EMP_OCC_10,Occupation of employed persons - Persons aged 15 years and over - Census,Occupation inadequately described or not stated (%),2.3,2.9,,,,,2.7,
DISAB_2,Selected disability and carers characteristics (modelled estimates) - Persons living in private dwellings,Persons with a disability (no.),,,,33,,,,
DISAB_3,Selected disability and carers characteristics (modelled estimates) - Persons living in private dwellings,Persons with a disability (%),,,,9.6,,,,
DISAB_4,Selected disability and carers characteristics (modelled estimates) - Persons living in private dwellings,Persons with a profound or severe core activity limitation (no.),,,,14,,,,
DISAB_5,Selected disability and carers characteristics (modelled estimates) - Persons living in private dwellings,Persons with a profound or severe core activity limitation (%),,,,4.1,,,,
DISAB_6,Selected disability and carers characteristics (modelled estimates) - Persons living in private dwellings,Persons with a moderate or mild core activity limitation (no.),,,,15,,,,
DISAB_7,Selected disability and carers characteristics (modelled estimates) - Persons living in private dwellings,Persons with a moderate or mild core activity limitation (%),,,,4.4,,,,
DISAB_8,Selected disability and carers characteristics (modelled estimates) - Persons living in private dwellings,Persons who are carers (no.),,,,28,,,,
DISAB_9,Selected disability and carers characteristics (modelled estimates) - Persons living in private dwellings,Persons who are carers (%),,,,8.1,,,,
DISAB_10,Selected disability and carers characteristics (modelled estimates) - Persons living in private dwellings,Persons aged 15 years and over who are primary carers (no.),,,,9,,,,
DISAB_11,Selected disability and carers characteristics (modelled estimates) - Persons living in private dwellings,Persons aged 15 years and over who are primary carers (%),,,,3.7,,,,
DISAB_12,Selected disability and carers characteristics (modelled estimates) - Persons living in private dwellings,Persons who are non-primary carers (no.),,,,18,,,,
DISAB_13,Selected disability and carers characteristics (modelled estimates) - Persons living in private dwellings,Persons who are non-primary carers (%),,,,5.2,,,,
ACTIV_3,Core activity need for assistance - Census,Persons who have need for assistance with core activities (no.),10,13,,,,,197,
ACTIV_2,Core activity need for assistance - Census,Persons who have need for assistance with core activities (%),3.5,4.5,,,,,1.9,
LTHLTH_2,Long-term health conditions - Census,Arthritis (%),,,,,,,1.5,
LTHLTH_3,Long-term health conditions - Census,Asthma (%),,,,,,,4.3,
LTHLTH_4,Long-term health conditions - Census,Cancer (including remission) (%),,,,,,,0.5,
LTHLTH_6,Long-term health conditions - Census,Diabetes (excluding gestational diabetes) (%),,,,,,,2.7,
LTHLTH_7,Long-term health conditions - Census,Heart disease (including heart attack or angina) (%),,,,,,,0.7,
LTHLTH_8,Long-term health conditions - Census,Kidney disease (%),,,,,,,0.3,
LTHLTH_9,Long-term health conditions - Census,Lung condition (including COPD or emphysema) (%),,,,,,,0.3,
LTHLTH_10,Long-term health conditions - Census,Mental health condition (including depression or anxiety) (%),,,,,,,2.3,
LTHLTH_11,Long-term health conditions - Census,Stroke (%),,,,,,,0.1,
LTHLTH_12,Long-term health conditions - Census,Other long-term health condition(s) (%),,,,,,,3.5,
LTHLTH_13,Long-term health conditions - Census,No long-term health condition(s) (%),,,,,,,79.9,
WORK_TRAV_3,Method of travel to work - Employed persons aged 15 years and over - Census,Used one method - train (no.),5,5,,,,,120,
WORK_TRAV_4,Method of travel to work - Employed persons aged 15 years and over - Census,Used one method - bus (no.),,,,,,,16,
WORK_TRAV_5,Method of travel to work - Employed persons aged 15 years and over - Census,Used one method - car (as driver) (no.),93,66,,,,,2514,
WORK_TRAV_21,Method of travel to work - Employed persons aged 15 years and over - Census,Used one method - car (as passenger) (no.),,3,,,,,140,
WORK_TRAV_20,Method of travel to work - Employed persons aged 15 years and over - Census,Used one method - taxi or ride-share service (no.),,,,,,,27,
WORK_TRAV_22,Method of travel to work - Employed persons aged 15 years and over - Census,Used one method - truck (no.),6,5,,,,,44,
WORK_TRAV_6,Method of travel to work - Employed persons aged 15 years and over - Census,Used one method - motor bike/scooter (no.),,,,,,,11,
WORK_TRAV_8,Method of travel to work - Employed persons aged 15 years and over - Census,Used one method - other (no.),,,,,,,37,
WORK_TRAV_9,Method of travel to work - Employed persons aged 15 years and over - Census,Used one method - walked only (no.),,3,,,,,19,
WORK_TRAV_10,Method of travel to work - Employed persons aged 15 years and over - Census,Used one method - total persons (no.),103,91,,,,,2933,
WORK_TRAV_12,Method of travel to work - Employed persons aged 15 years and over - Census,Used more than one method - total persons (no.),,,,,,,189,
WORK_TRAV_23,Method of travel to work - Employed persons aged 15 years and over - Census,"Used at least one form of public transport (train, tram, bus, ferry) (no.)",4,5,,,,,308,
WORK_TRAV_24,Method of travel to work - Employed persons aged 15 years and over - Census,Travelled to work by car (as a driver or passenger) as at least one method of travel (no.),92,72,,,,,2781,
WORK_TRAV_14,Method of travel to work - Employed persons aged 15 years and over - Census,Worked from home (no.),14,13,,,,,1041,
WORK_TRAV_15,Method of travel to work - Employed persons aged 15 years and over - Census,Employed but did not go to work (no.),14,6,,,,,414,
WORK_TRAV_16,Method of travel to work - Employed persons aged 15 years and over - Census,Method of travel not stated (no.),,3,,,,,31,
WORK_TRAV_17,Method of travel to work - Employed persons aged 15 years and over - Census,Total persons employed aged 15 years and over (no.),131,105,,,,,4613,
HHTYPE_2,Household composition - Occupied private dwellings - Census,Lone person households (no.),10,17,,,,,263,
HHTYPE_3,Household composition - Occupied private dwellings - Census,Group households (no.),,3,,,,,117,
HHTYPE_4,Household composition - Occupied private dwellings - Census,Family households (no.),77,69,,,,,2464,
HHTYPE_5,Household composition - Occupied private dwellings - Census,Total households (no.),88,86,,,,,2836,
HHTYPE_6,Household composition - Occupied private dwellings - Census,Average household size (no. of persons),2.8,2.8,,,,,3.4,
FAMILY_2,Family composition - Families in family households - Census,Couple families with children under 15 and/or dependent students (no.),28,19,,,,,1663,
FAMILY_3,Family composition - Families in family households - Census,Couple families with non-dependent children only (no.),11,14,,,,,50,
FAMILY_4,Family composition - Families in family households - Census,Couple families without children (no.),35,35,,,,,582,
FAMILY_5,Family composition - Families in family households - Census,One parent families with children under 15 and/or dependent students (no.),,8,,,,,185,
FAMILY_6,Family composition - Families in family households - Census,One parent families with non-dependent children only (no.),,4,,,,,53,
FAMILY_7,Family composition - Families in family households - Census,Other families (no.),,,,,,,51,
FAMILY_8,Family composition - Families in family households - Census,Total families (no.),82,75,,,,,2591,
FAMILY_9,Family composition - Families in family households - Census,Average family size (no. of persons),3,2.9,,,,,3.4,
MARRIAGE_2,Social marital status - Persons aged 15 years and over - Census,Married in a registered marriage (no.),136,105,,,,,4030,
MARRIAGE_3,Social marital status - Persons aged 15 years and over - Census,Married in a de facto marriage (no.),17,21,,,,,521,
MARRIAGE_4,Social marital status - Persons aged 15 years and over - Census,Not married (no.),55,71,,,,,1994,
MARRIAGE_5,Registered marital status - Persons aged 15 years and over - Census,Married (%),62.7,56.3,,,,,63.8,
MARRIAGE_6,Registered marital status - Persons aged 15 years and over - Census,Never married (%),23.4,29.6,,,,,28.9,
MARRIAGE_7,Registered marital status - Persons aged 15 years and over - Census,Widowed (%),,2,,,,,1.5,
MARRIAGE_8,Registered marital status - Persons aged 15 years and over - Census,Divorced (%),10.2,8.9,,,,,3.4,
MARRIAGE_9,Registered marital status - Persons aged 15 years and over - Census,Separated (%),2.5,2.8,,,,,2.4,
INTERNET_2,Access to internet at home - Occupied private dwellings - Census,Internet accessed from dwelling (%),,72.1,,,,,,
INTERNET_3,Access to internet at home - Occupied private dwellings - Census,Internet not accessed from dwelling (%),,24.4,,,,,,
INTERNET_4,Access to internet at home - Occupied private dwellings - Census,Access to internet at home inadequately described or not stated (%),,3.5,,,,,,
RENT_4,Rent and mortgage payments - Occupied private dwellings - Census,Median weekly household rental payment ($),435,560,,,,,385,
RENT_5,Rent and mortgage payments - Occupied private dwellings - Census,Median monthly household mortgage payment ($),2167,2100,,,,,2000,
CHILDCAR_2,Unpaid child care - Persons aged 15 years and over - Census,Persons who did not provide child care (%),65.6,61.5,,,,,51,
CHILDCAR_3,Unpaid child care - Persons aged 15 years and over - Census,Persons who cared for own child/children (%),14.8,16.6,,,,,37.8,
CHILDCAR_4,Unpaid child care - Persons aged 15 years and over - Census,Persons who cared for other child/children (%),8.6,4.5,,,,,3,
CHILDCAR_5,Unpaid child care - Persons aged 15 years and over - Census,Persons who cared for own child/children and other child/children (%),,,,,,,7.7,
CHILDCAR_6,Unpaid child care - Persons aged 15 years and over - Census,Unpaid child care not stated (%),9.8,16.6,,,,,0.5,
UNPAIDW_2,Unpaid work - Persons aged 15 years and over - Census,Persons who provided unpaid assistance to a person with a disability (%),12.3,11.7,,,,,7.9,
UNPAIDW_3,Unpaid work - Persons aged 15 years and over - Census,Persons undertaking voluntary work for an organisation or group (%),16.0,10.5,,,,,7.5,
CHILD_2,Average number of children per family - Families with children - Census,Average number of children per family (no.),1.8,1.9,,,,,1.9,
HOUSE_2,Housing suitability - Occupied private dwellings - Census,Dwellings with extra bedrooms needed (no.),,4,,,,,110,
HOUSE_3,Housing suitability - Occupied private dwellings - Census,Dwellings with bedrooms spare (no.),,71,,,,,2299,
HOUSE_4,Housing suitability - Occupied private dwellings - Census,Dwellings with no bedrooms needed or spare (no.),,8,,,,,311,
DWELL_2,Dwelling structure - Occupied private dwellings - Census,Separate house (no.),88,86,,,,,2817,
DWELL_3,Dwelling structure - Occupied private dwellings - Census,"Semi-detached, row or terrace house, townhouse etc. (no.)",,,,,,,20,
DWELL_5,Dwelling structure - Occupied private dwellings - Census,Other dwelling (no.),6,,,,,,,
DWELL_7,Dwelling structure - Occupied private dwellings - Census,Total occupied private dwellings (no.),88,86,,,,,2836,
TENURE_7,Tenure type - Occupied private dwellings - Census,Owned outright (no.),53,46,,,,,143,
TENURE_8,Tenure type - Occupied private dwellings - Census,Owned with a mortgage (no.),14,16,,,,,1778,
TENURE_9,Tenure type - Occupied private dwellings - Census,Rented (no.),17,16,,,,,809,
TENURE_10,Tenure type - Occupied private dwellings - Census,Other tenure type (no.),3,3,,,,,33,
TENURE_11,Tenure type - Occupied private dwellings - Census,Tenure type not stated (no.),7,,,,,,73,
TENURE_2,Tenure type - Occupied private dwellings - Census,Owned outright (%),60.2,53.5,,,,,5,
TENURE_3,Tenure type - Occupied private dwellings - Census,Owned with a mortgage (%),15.9,18.6,,,,,62.7,
TENURE_4,Tenure type - Occupied private dwellings - Census,Rented (%),19.3,18.6,,,,,28.5,
TENURE_5,Tenure type - Occupied private dwellings - Census,Other tenure type (%),3.4,3.5,,,,,1.2,
TENURE_6,Tenure type - Occupied private dwellings - Census,Tenure type not stated (%),8,,,,,,2.6,
STRESS_10,Mortgage and rent affordability indicators - Occupied private dwellings - Census,Households where mortgage repayments are less than or equal to 30% of imputed household income (no.),,,,,,,1247,
STRESS_11,Mortgage and rent affordability indicators - Occupied private dwellings - Census,Households where mortgage repayments are more than 30% of imputed household income (no.),,,,,,,376,
STRESS_12,Mortgage and rent affordability indicators - Occupied private dwellings - Census,Households where rent payments are less than or equal to 30% of imputed household income (no.),,,,,,,508,
STRESS_13,Mortgage and rent affordability indicators - Occupied private dwellings - Census,Households where rent payments are more than 30% of imputed household income (no.),,,,,,,223,
STRESS_14,Mortgage and rent affordability indicators - Occupied private dwellings - Census,Households where mortgage repayments are less than or equal to 30% of imputed household income (%),,,,,,,70.1,
STRESS_15,Mortgage and rent affordability indicators - Occupied private dwellings - Census,Households where mortgage repayments are more than 30% of imputed household income (%),,,,,,,21.1,
STRESS_16,Mortgage and rent affordability indicators - Occupied private dwellings - Census,Households where rent payments are less than or equal to 30% of imputed household income (%),,,,,,,62.8,
STRESS_17,Mortgage and rent affordability indicators - Occupied private dwellings - Census,Households where rent payments are more than 30% of imputed household income (%),,,,,,,27.6,
SEIFAA_2,Socio-economic indexes for areas (SEIFA) - Rank within Australia - Census,SEIFA Index of relative socio-economic disadvantage (IRSD) - rank within Australia (decile),,,,,,,6,
SEIFAA_3,Socio-economic indexes for areas (SEIFA) - Rank within Australia - Census,SEIFA Index of relative socio-economic advantage and disadvantage (IRSAD) - rank within Australia (decile),,,,,,,6,
SEIFAA_4,Socio-economic indexes for areas (SEIFA) - Rank within Australia - Census,SEIFA Index of education and occupation (IEO) - rank within Australia (decile),,,,,,,7,
SEIFAA_5,Socio-economic indexes for areas (SEIFA) - Rank within Australia - Census,SEIFA Index of economic resources (IER) - rank within Australia (decile),,,,,,,8,
SEIFAS_2,Socio-economic indexes for areas (SEIFA) - Rank within State or Territory - Census,SEIFA Index of relative socio-economic disadvantage (IRSD) - rank within State or Territory (decile),,,,,,,6,
SEIFAS_3,Socio-economic indexes for areas (SEIFA) - Rank within State or Territory - Census,SEIFA Index of relative socio-economic advantage and disadvantage (IRSAD) - rank within State or Territory (decile),,,,,,,6,
SEIFAS_4,Socio-economic indexes for areas (SEIFA) - Rank within State or Territory - Census,SEIFA Index of education and occupation (IEO) - rank within State or Territory (decile),,,,,,,6,
SEIFAS_5,Socio-economic indexes for areas (SEIFA) - Rank within State or Territory - Census,SEIFA Index of economic resources (IER) - rank within State or Territory (decile),,,,,,,8,
HOMELESS_3,Homelessness - Census,Count of homeless persons (no.),,,,,,,34,
VEHIC_2,Number of motor vehicles per household - Occupied private dwellings - Census,No motor vehicles (no.),,,,,,,59,
VEHIC_3,Number of motor vehicles per household - Occupied private dwellings - Census,One motor vehicle (no.),13,13,,,,,980,
VEHIC_4,Number of motor vehicles per household - Occupied private dwellings - Census,Two motor vehicles (no.),31,28,,,,,1326,
VEHIC_5,Number of motor vehicles per household - Occupied private dwellings - Census,Three motor vehicles (no.),19,23,,,,,289,
VEHIC_6,Number of motor vehicles per household - Occupied private dwellings - Census,Four or more motor vehicles (no.),23,17,,,,,118,
TOTMIG_3,Number of persons born overseas - Census,Males born overseas (no.),,43,,,,,3253,
TOTMIG_2,Number of persons born overseas - Census,Females born overseas (no.),,34,,,,,2956,
TOTMIG_4,Number of persons born overseas - Census,Persons born overseas (no.),,77,,,,,6205,
AGEMIG_2,Age of persons born overseas - Census,0-4 years (no.),,,,,,,98,
AGEMIG_3,Age of persons born overseas - Census,5-9 years (no.),,,,,,,302,
AGEMIG_4,Age of persons born overseas - Census,10-14 years (no.),,,,,,,295,
AGEMIG_5,Age of persons born overseas - Census,15-19 years (no.),,,,,,,222,
AGEMIG_6,Age of persons born overseas - Census,20-24 years (no.),,,,,,,423,
AGEMIG_7,Age of persons born overseas - Census,25-29 years (no.),,3,,,,,697,
AGEMIG_8,Age of persons born overseas - Census,30-34 years (no.),,10,,,,,1305,
AGEMIG_9,Age of persons born overseas - Census,35-39 years (no.),,,,,,,1306,
AGEMIG_10,Age of persons born overseas - Census,40-44 years (no.),,7,,,,,698,
AGEMIG_11,Age of persons born overseas - Census,45-49 years (no.),,,,,,,305,
AGEMIG_12,Age of persons born overseas - Census,50-54 years (no.),,8,,,,,166,
AGEMIG_13,Age of persons born overseas - Census,55-59 years (no.),,5,,,,,132,
AGEMIG_14,Age of persons born overseas - Census,60-64 years (no.),,6,,,,,96,
AGEMIG_15,Age of persons born overseas - Census,65-69 years (no.),,12,,,,,79,
AGEMIG_16,Age of persons born overseas - Census,70-74 years (no.),,11,,,,,37,
AGEMIG_17,Age of persons born overseas - Census,75-79 years (no.),,7,,,,,29,
AGEMIG_18,Age of persons born overseas - Census,80-84 years (no.),,3,,,,,10,
AGEMIG_19,Age of persons born overseas - Census,85 years and over (no.),,3,,,,,4,
ARRMIG_2,Year of arrival of persons born overseas - Census,Arrived within 5 years (%),,,,,,,25.6,
ARRMIG_3,Year of arrival of persons born overseas - Census,Arrived 5-10 years ago (%),,13,,,,,30.9,
ARRMIG_4,Year of arrival of persons born overseas - Census,Arrived over 10 years ago (%),,77.9,,,,,41.8,
ARRMIG_5,Year of arrival of persons born overseas - Census,Arrival not stated (%),,3.9,,,,,1.7,
CITMIG_2,Citizenship status of persons born overseas - Census,Australian citizen (%),,74,,,,,50.1,
CITMIG_3,Citizenship status of persons born overseas - Census,Not an Australian citizen (%),,22.1,,,,,49.5,
CITMIG_4,Citizenship status of persons born overseas - Census,Citizenship not stated (%),,,,,,,0.4,
RELMIG_2,Religious affiliation of persons born overseas - Census,Buddhism (%),,,,,,,2.2,
RELMIG_3,Religious affiliation of persons born overseas - Census,Christianity (%),,61,,,,,22.4,
RELMIG_4,Religious affiliation of persons born overseas - Census,Hinduism (%),,,,,,,26.6,
RELMIG_5,Religious affiliation of persons born overseas - Census,Islam (%),,6.5,,,,,20.8,
RELMIG_7,Religious affiliation of persons born overseas - Census,Other religion (%),,5.2,,,,,17.9,
RELMIG_11,Religious affiliation of persons born overseas - Census,"Secular beliefs, other spiritual beliefs, no religion (%)",,14.3,,,,,7.3,
RELMIG_9,Religious affiliation of persons born overseas - Census,Religious affiliation inadequately described or not stated (%),,7.8,,,,,2.6,
ENGMIG_2,English proficiency of persons born overseas - Census,Proficient in English (%),,83.1,,,,,94.2,
ENGMIG_3,English proficiency of persons born overseas - Census,Not proficient in English (%),,11.7,,,,,5.4,
ENGMIG_4,English proficiency of persons born overseas - Census,English proficiency not stated (%),,,,,,,0.4,
QUALMIG_2,Level of highest educational attainment of persons born overseas - Census,Postgraduate degree level (%),,3.9,,,,,19.3,
QUALMIG_3,Level of highest educational attainment of persons born overseas - Census,Graduate diploma and graduate certificate level (%),,,,,,,2.2,
QUALMIG_4,Level of highest educational attainment of persons born overseas - Census,Bachelor degree level (%),,10.4,,,,,28.7,
QUALMIG_5,Level of highest educational attainment of persons born overseas - Census,Advanced diploma and diploma level (%),,14.3,,,,,13.1,
QUALMIG_6,Level of highest educational attainment of persons born overseas - Census,Certificate level (%),,22.1,,,,,7.9,
QUALMIG_7,Level of highest educational attainment of persons born overseas - Census,School education level (%),,42.9,,,,,21.4,
QUALMIG_8,Level of highest educational attainment of persons born overseas - Census,Education not stated (%),,3.9,,,,,3.6,
OCCMIG_2,Occupation of persons born overseas - Persons aged 15 years and over - Census,Managers (%),,26.5,,,,,8.1,
OCCMIG_3,Occupation of persons born overseas - Persons aged 15 years and over - Census,Professionals (%),,11.8,,,,,22.3,
OCCMIG_4,Occupation of persons born overseas - Persons aged 15 years and over - Census,Technicians and trades workers (%),,20.6,,,,,10.4,
OCCMIG_5,Occupation of persons born overseas - Persons aged 15 years and over - Census,Community and personal service workers (%),,11.8,,,,,13.3,
OCCMIG_6,Occupation of persons born overseas - Persons aged 15 years and over - Census,Clerical and administrative workers (%),,14.7,,,,,11.4,
OCCMIG_7,Occupation of persons born overseas - Persons aged 15 years and over - Census,Sales workers (%),,,,,,,6.3,
OCCMIG_8,Occupation of persons born overseas - Persons aged 15 years and over - Census,Machinery operators and drivers (%),,,,,,,16.8,
OCCMIG_9,Occupation of persons born overseas - Persons aged 15 years and over - Census,Labourers (%),,,,,,,8.7,
OCCMIG_10,Occupation of persons born overseas - Persons aged 15 years and over - Census,Occupation inadequately described or not stated (%),,,,,,,2.8,
OCCMIG_11,Occupation of persons born overseas - Persons aged 15 years and over - Census,Overseas born population employed (no.),,34,,,,,3871,
LFMIG_6,Labour force status of persons born overseas - Persons aged 15 years and over - Census,Employed (no.),,34,,,,,3871,
LFMIG_3,Labour force status of persons born overseas - Persons aged 15 years and over - Census,Unemployed (no.),,,,,,,323,
LFMIG_2,Labour force status of persons born overseas - Persons aged 15 years and over - Census,In the labour force (no.),,34,,,,,4191,
LFMIG_5,Labour force status of persons born overseas - Persons aged 15 years and over - Census,Unemployment rate (%),,,,,,,7.7,
LFMIG_4,Labour force status of persons born overseas - Persons aged 15 years and over - Census,Participation rate (%),,44.2,,,,,76,
LFMIG_11,Labour force status of persons born overseas - Persons aged 15 years and over - Census,Not in the labour force (%),,58.4,,,,,22.1,
LFMIG_12,Labour force status of persons born overseas - Persons aged 15 years and over - Census,Labour force status not stated (%),,,,,,,1.7,
LFMIG_7,Labour force status of persons born overseas - Persons aged 15 years and over - Census,Overseas born population aged 15 years and over (no.),,77,,,,,5512,
INCMIG_2,Total personal income (weekly) of persons born overseas - Persons aged 15 years and over - Census,$1-$499 per week (%),,39,,,,,13.6,
INCMIG_3,Total personal income (weekly) of persons born overseas - Persons aged 15 years and over - Census,$500-$999 per week (%),,29.9,,,,,26.3,
INCMIG_4,Total personal income (weekly) of persons born overseas - Persons aged 15 years and over - Census,$1000-$1999 per week (%),,7.8,,,,,33.8,
INCMIG_5,Total personal income (weekly) of persons born overseas - Persons aged 15 years and over - Census,$2000-$2999 per week (%),,3.9,,,,,7.1,
INCMIG_6,Total personal income (weekly) of persons born overseas - Persons aged 15 years and over - Census,$3000 or more per week (%),,,,,,,1.9,
INCMIG_7,Total personal income (weekly) of persons born overseas - Persons aged 15 years and over - Census,Nil income (%),,15.6,,,,,14.7,
INCMIG_8,Total personal income (weekly) of persons born overseas - Persons aged 15 years and over - Census,Negative income (%),,,,,,,0.7,
INCMIG_9,Total personal income (weekly) of persons born overseas - Persons aged 15 years and over - Census,Income inadequately described or not stated (%),,6.5,,,,,2.1,
LAND,Land area,Land area (ha),,,,,,,3670.6,
WATER_2,Water use on Australian farms - year ended 30 June,Area of agricultural land (ha),,,,,,,206,
PROTECTED_AREA_5,Protected land areas - year ended 30 June,All other protected land areas (no.),,1,,1,,1,,
PROTECTED_AREA_6,Protected land areas - year ended 30 June,Total protected land areas (no.),,1,,1,,1,,
PROTECTED_AREA_10,Protected land areas - year ended 30 June,All other protected land areas (ha),,25,,25,,25,,
PROTECTED_AREA_11,Protected land areas - year ended 30 June,Total protected land area (ha),,25,,25,,25,,
PROTECTED_AREA_15,Protected land areas - year ended 30 June,All other protected land areas (%),,0.7,,0.7,,0.7,,
PROTECTED_AREA_16,Protected land areas - year ended 30 June,Total protected land area (%),,0.7,,0.7,,0.7,,
SOLAR_7,Solar installations - year ended 31 December,Small-scale solar panel system installations (no.),,3,3,3,9,13,261,
SOLAR_8,Solar installations - year ended 31 December,Solar water heater installations (no.),,4,3,9,7,8,130,
