Measure Code,Parent Description,Description,2011,2015,2016,2017,2018,2019,2020,2021,2022
ERP_P_20,Estimated resident population - year ended 30 June,Estimated resident population (no.),,,,9439,9597,9817,9953,9348,9630
ERP_21,Estimated resident population - year ended 30 June,Population density (persons/km2),,,,7450.5,7575.2,7748.8,7856.2,7378.6,7601.2
ERP_M_20,Estimated resident population - year ended 30 June,Estimated resident population - males (no.),,,,4738,4842,4975,5073,4814,
ERP_F_20,Estimated resident population - year ended 30 June,Estimated resident population - females (no.),,,,4701,4755,4842,4880,4534,
ERP_19,Estimated resident population - year ended 30 June,Median age - males (years),,,,32.8,33,33.1,33.4,33.6,
ERP_22,Estimated resident population - year ended 30 June,Median age - females (years),,,,31.7,31.9,32,32.3,32.6,
ERP_23,Estimated resident population - year ended 30 June,Median age - persons (years),,,,32.3,32.4,32.6,32.9,33.2,
ERP_18,Estimated resident population - year ended 30 June,Working age population (aged 15-64 years) (no.),,,,7732,7912,8148,8285,7787,
ERP_17,Estimated resident population - year ended 30 June,Working age population (aged 15-64 years) (%),,,,81.9,82.4,83,83.2,83.3,
ERP_M_2,Estimated resident population - Males - year ended 30 June,Males - 0-4 years (no.),,,,224,217,211,203,198,
ERP_M_3,Estimated resident population - Males - year ended 30 June,Males - 5-9 years (no.),,,,176,181,177,167,150,
ERP_M_4,Estimated resident population - Males - year ended 30 June,Males - 10-14 years (no.),,,,130,124,129,136,126,
ERP_M_5,Estimated resident population - Males - year ended 30 June,Males - 15-19 years (no.),,,,136,136,133,122,110,
ERP_M_6,Estimated resident population - Males - year ended 30 June,Males - 20-24 years (no.),,,,374,377,377,363,313,
ERP_M_7,Estimated resident population - Males - year ended 30 June,Males - 25-29 years (no.),,,,851,853,869,864,787,
ERP_M_8,Estimated resident population - Males - year ended 30 June,Males - 30-34 years (no.),,,,795,850,913,971,966,
ERP_M_9,Estimated resident population - Males - year ended 30 June,Males - 35-39 years (no.),,,,517,539,564,588,576,
ERP_M_10,Estimated resident population - Males - year ended 30 June,Males - 40-44 years (no.),,,,355,379,389,401,389,
ERP_M_11,Estimated resident population - Males - year ended 30 June,Males - 45-49 years (no.),,,,268,280,311,331,304,
ERP_M_12,Estimated resident population - Males - year ended 30 June,Males - 50-54 years (no.),,,,242,238,230,230,231,
ERP_M_13,Estimated resident population - Males - year ended 30 June,Males - 55-59 years (no.),,,,200,200,204,212,194,
ERP_M_14,Estimated resident population - Males - year ended 30 June,Males - 60-64 years (no.),,,,171,161,166,167,164,
ERP_M_15,Estimated resident population - Males - year ended 30 June,Males - 65-69 years (no.),,,,105,116,115,127,125,
ERP_M_16,Estimated resident population - Males - year ended 30 June,Males - 70-74 years (no.),,,,79,72,68,73,71,
ERP_M_17,Estimated resident population - Males - year ended 30 June,Males - 75-79 years (no.),,,,50,45,45,52,47,
ERP_M_18,Estimated resident population - Males - year ended 30 June,Males - 80-84 years (no.),,,,32,36,36,33,35,
ERP_M_19,Estimated resident population - Males - year ended 30 June,Males - 85 and over (no.),,,,33,38,38,33,28,
ERP_M_21,Estimated resident population - Males - year ended 30 June,Males - 0-4 years (%),,,,4.7,4.5,4.2,4,4.1,
ERP_M_22,Estimated resident population - Males - year ended 30 June,Males - 5-9 years (%),,,,3.7,3.7,3.6,3.3,3.1,
ERP_M_23,Estimated resident population - Males - year ended 30 June,Males - 10-14 years (%),,,,2.7,2.6,2.6,2.7,2.6,
ERP_M_24,Estimated resident population - Males - year ended 30 June,Males - 15-19 years (%),,,,2.9,2.8,2.7,2.4,2.3,
ERP_M_25,Estimated resident population - Males - year ended 30 June,Males - 20-24 years (%),,,,7.9,7.8,7.6,7.2,6.5,
ERP_M_26,Estimated resident population - Males - year ended 30 June,Males - 25-29 years (%),,,,18,17.6,17.5,17,16.3,
ERP_M_27,Estimated resident population - Males - year ended 30 June,Males - 30-34 years (%),,,,16.8,17.6,18.4,19.1,20.1,
ERP_M_28,Estimated resident population - Males - year ended 30 June,Males - 35-39 years (%),,,,10.9,11.1,11.3,11.6,12,
ERP_M_29,Estimated resident population - Males - year ended 30 June,Males - 40-44 years (%),,,,7.5,7.8,7.8,7.9,8.1,
ERP_M_30,Estimated resident population - Males - year ended 30 June,Males - 45-49 years (%),,,,5.7,5.8,6.3,6.5,6.3,
ERP_M_31,Estimated resident population - Males - year ended 30 June,Males - 50-54 years (%),,,,5.1,4.9,4.6,4.5,4.8,
ERP_M_32,Estimated resident population - Males - year ended 30 June,Males - 55-59 years (%),,,,4.2,4.1,4.1,4.2,4,
ERP_M_33,Estimated resident population - Males - year ended 30 June,Males - 60-64 years (%),,,,3.6,3.3,3.3,3.3,3.4,
ERP_M_34,Estimated resident population - Males - year ended 30 June,Males - 65-69 years (%),,,,2.2,2.4,2.3,2.5,2.6,
ERP_M_35,Estimated resident population - Males - year ended 30 June,Males - 70-74 years (%),,,,1.7,1.5,1.4,1.4,1.5,
ERP_M_36,Estimated resident population - Males - year ended 30 June,Males - 75-79 years (%),,,,1.1,0.9,0.9,1,1,
ERP_M_37,Estimated resident population - Males - year ended 30 June,Males - 80-84 years (%),,,,0.7,0.7,0.7,0.7,0.7,
ERP_M_38,Estimated resident population - Males - year ended 30 June,Males - 85 and over (%),,,,0.7,0.8,0.8,0.7,0.6,
ERP_F_2,Estimated resident population - Females - year ended 30 June,Females - 0-4 years (no.),,,,231,208,203,200,189,
ERP_F_3,Estimated resident population - Females - year ended 30 June,Females - 5-9 years (no.),,,,161,162,163,160,150,
ERP_F_4,Estimated resident population - Females - year ended 30 June,Females - 10-14 years (no.),,,,121,124,126,119,105,
ERP_F_5,Estimated resident population - Females - year ended 30 June,Females - 15-19 years (no.),,,,149,146,135,128,112,
ERP_F_6,Estimated resident population - Females - year ended 30 June,Females - 20-24 years (no.),,,,461,458,447,419,352,
ERP_F_7,Estimated resident population - Females - year ended 30 June,Females - 25-29 years (no.),,,,931,947,975,982,892,
ERP_F_8,Estimated resident population - Females - year ended 30 June,Females - 30-34 years (no.),,,,757,783,819,844,806,
ERP_F_9,Estimated resident population - Females - year ended 30 June,Females - 35-39 years (no.),,,,434,457,475,496,477,
ERP_F_10,Estimated resident population - Females - year ended 30 June,Females - 40-44 years (no.),,,,307,315,325,335,312,
ERP_F_11,Estimated resident population - Females - year ended 30 June,Females - 45-49 years (no.),,,,267,284,283,283,263,
ERP_F_12,Estimated resident population - Females - year ended 30 June,Females - 50-54 years (no.),,,,186,192,207,220,223,
ERP_F_13,Estimated resident population - Females - year ended 30 June,Females - 55-59 years (no.),,,,186,176,182,173,164,
ERP_F_14,Estimated resident population - Females - year ended 30 June,Females - 60-64 years (no.),,,,145,141,144,156,152,
ERP_F_15,Estimated resident population - Females - year ended 30 June,Females - 65-69 years (no.),,,,117,119,115,119,112,
ERP_F_16,Estimated resident population - Females - year ended 30 June,Females - 70-74 years (no.),,,,91,78,80,83,82,
ERP_F_17,Estimated resident population - Females - year ended 30 June,Females - 75-79 years (no.),,,,68,74,73,75,67,
ERP_F_18,Estimated resident population - Females - year ended 30 June,Females - 80-84 years (no.),,,,48,50,46,40,34,
ERP_F_19,Estimated resident population - Females - year ended 30 June,Females - 85 and over (no.),,,,41,41,44,48,42,
ERP_F_21,Estimated resident population - Females - year ended 30 June,Females - 0-4 years (%),,,,4.9,4.4,4.2,4.1,4.2,
ERP_F_22,Estimated resident population - Females - year ended 30 June,Females - 5-9 years (%),,,,3.4,3.4,3.4,3.3,3.3,
ERP_F_23,Estimated resident population - Females - year ended 30 June,Females - 10-14 years (%),,,,2.6,2.6,2.6,2.4,2.3,
ERP_F_24,Estimated resident population - Females - year ended 30 June,Females - 15-19 years (%),,,,3.2,3.1,2.8,2.6,2.5,
ERP_F_25,Estimated resident population - Females - year ended 30 June,Females - 20-24 years (%),,,,9.8,9.6,9.2,8.6,7.8,
ERP_F_26,Estimated resident population - Females - year ended 30 June,Females - 25-29 years (%),,,,19.8,19.9,20.1,20.1,19.7,
ERP_F_27,Estimated resident population - Females - year ended 30 June,Females - 30-34 years (%),,,,16.1,16.5,16.9,17.3,17.8,
ERP_F_28,Estimated resident population - Females - year ended 30 June,Females - 35-39 years (%),,,,9.2,9.6,9.8,10.2,10.5,
ERP_F_29,Estimated resident population - Females - year ended 30 June,Females - 40-44 years (%),,,,6.5,6.6,6.7,6.9,6.9,
ERP_F_30,Estimated resident population - Females - year ended 30 June,Females - 45-49 years (%),,,,5.7,6,5.8,5.8,5.8,
ERP_F_31,Estimated resident population - Females - year ended 30 June,Females - 50-54 years (%),,,,4,4,4.3,4.5,4.9,
ERP_F_32,Estimated resident population - Females - year ended 30 June,Females - 55-59 years (%),,,,4,3.7,3.8,3.5,3.6,
ERP_F_33,Estimated resident population - Females - year ended 30 June,Females - 60-64 years (%),,,,3.1,3,3,3.2,3.4,
ERP_F_34,Estimated resident population - Females - year ended 30 June,Females - 65-69 years (%),,,,2.5,2.5,2.4,2.4,2.5,
ERP_F_35,Estimated resident population - Females - year ended 30 June,Females - 70-74 years (%),,,,1.9,1.6,1.7,1.7,1.8,
ERP_F_36,Estimated resident population - Females - year ended 30 June,Females - 75-79 years (%),,,,1.4,1.6,1.5,1.5,1.5,
ERP_F_37,Estimated resident population - Females - year ended 30 June,Females - 80-84 years (%),,,,1,1.1,1,0.8,0.7,
ERP_F_38,Estimated resident population - Females - year ended 30 June,Females - 85 and over (%),,,,0.9,0.9,0.9,1,0.9,
ERP_P_2,Estimated resident population - Persons - year ended 30 June,Persons - 0-4 years (no.),,,,455,425,414,403,387,
ERP_P_3,Estimated resident population - Persons - year ended 30 June,Persons - 5-9 years (no.),,,,337,343,340,327,300,
ERP_P_4,Estimated resident population - Persons - year ended 30 June,Persons - 10-14 years (no.),,,,251,248,255,255,231,
ERP_P_5,Estimated resident population - Persons - year ended 30 June,Persons - 15-19 years (no.),,,,285,282,268,250,222,
ERP_P_6,Estimated resident population - Persons - year ended 30 June,Persons - 20-24 years (no.),,,,835,835,824,782,665,
ERP_P_7,Estimated resident population - Persons - year ended 30 June,Persons - 25-29 years (no.),,,,1782,1800,1844,1846,1679,
ERP_P_8,Estimated resident population - Persons - year ended 30 June,Persons - 30-34 years (no.),,,,1552,1633,1732,1815,1772,
ERP_P_9,Estimated resident population - Persons - year ended 30 June,Persons - 35-39 years (no.),,,,951,996,1039,1084,1053,
ERP_P_10,Estimated resident population - Persons - year ended 30 June,Persons - 40-44 years (no.),,,,662,694,714,736,701,
ERP_P_11,Estimated resident population - Persons - year ended 30 June,Persons - 45-49 years (no.),,,,535,564,594,614,567,
ERP_P_12,Estimated resident population - Persons - year ended 30 June,Persons - 50-54 years (no.),,,,428,430,437,450,454,
ERP_P_13,Estimated resident population - Persons - year ended 30 June,Persons - 55-59 years (no.),,,,386,376,386,385,358,
ERP_P_14,Estimated resident population - Persons - year ended 30 June,Persons - 60-64 years (no.),,,,316,302,310,323,316,
ERP_P_15,Estimated resident population - Persons - year ended 30 June,Persons - 65-69 years (no.),,,,222,235,230,246,237,
ERP_P_16,Estimated resident population - Persons - year ended 30 June,Persons - 70-74 years (no.),,,,170,150,148,156,153,
ERP_P_17,Estimated resident population - Persons - year ended 30 June,Persons - 75-79 years (no.),,,,118,119,118,127,114,
ERP_P_18,Estimated resident population - Persons - year ended 30 June,Persons - 80-84 years (no.),,,,80,86,82,73,69,
ERP_P_19,Estimated resident population - Persons - year ended 30 June,Persons - 85 and over (no.),,,,74,79,82,81,70,
ERP_P_21,Estimated resident population - Persons - year ended 30 June,Persons - 0-4 years (%),,,,4.8,4.4,4.2,4,4.1,
ERP_P_22,Estimated resident population - Persons - year ended 30 June,Persons - 5-9 years (%),,,,3.6,3.6,3.5,3.3,3.2,
ERP_P_23,Estimated resident population - Persons - year ended 30 June,Persons - 10-14 years (%),,,,2.7,2.6,2.6,2.6,2.5,
ERP_P_24,Estimated resident population - Persons - year ended 30 June,Persons - 15-19 years (%),,,,3,2.9,2.7,2.5,2.4,
ERP_P_25,Estimated resident population - Persons - year ended 30 June,Persons - 20-24 years (%),,,,8.8,8.7,8.4,7.9,7.1,
ERP_P_26,Estimated resident population - Persons - year ended 30 June,Persons - 25-29 years (%),,,,18.9,18.8,18.8,18.5,18,
ERP_P_27,Estimated resident population - Persons - year ended 30 June,Persons - 30-34 years (%),,,,16.4,17,17.6,18.2,19,
ERP_P_28,Estimated resident population - Persons - year ended 30 June,Persons - 35-39 years (%),,,,10.1,10.4,10.6,10.9,11.3,
ERP_P_29,Estimated resident population - Persons - year ended 30 June,Persons - 40-44 years (%),,,,7,7.2,7.3,7.4,7.5,
ERP_P_30,Estimated resident population - Persons - year ended 30 June,Persons - 45-49 years (%),,,,5.7,5.9,6.1,6.2,6.1,
ERP_P_31,Estimated resident population - Persons - year ended 30 June,Persons - 50-54 years (%),,,,4.5,4.5,4.5,4.5,4.9,
ERP_P_32,Estimated resident population - Persons - year ended 30 June,Persons - 55-59 years (%),,,,4.1,3.9,3.9,3.9,3.8,
ERP_P_33,Estimated resident population - Persons - year ended 30 June,Persons - 60-64 years (%),,,,3.3,3.1,3.2,3.2,3.4,
ERP_P_34,Estimated resident population - Persons - year ended 30 June,Persons - 65-69 years (%),,,,2.4,2.4,2.3,2.5,2.5,
ERP_P_35,Estimated resident population - Persons - year ended 30 June,Persons - 70-74 years (%),,,,1.8,1.6,1.5,1.6,1.6,
ERP_P_36,Estimated resident population - Persons - year ended 30 June,Persons - 75-79 years (%),,,,1.3,1.2,1.2,1.3,1.2,
ERP_P_37,Estimated resident population - Persons - year ended 30 June,Persons - 80-84 years (%),,,,0.8,0.9,0.8,0.7,0.7,
ERP_P_38,Estimated resident population - Persons - year ended 30 June,Persons - 85 and over (%),,,,0.8,0.8,0.8,0.8,0.7,
BD_2,Births and deaths - year ended 31 December,Births (no.),,,111,124,119,123,98,113,
BD_3,Births and deaths - year ended 31 December,Total fertility rate (births per female) (rate),,,1.13,1.13,1.11,1.14,1.01,0.98,
BD_4,Births and deaths - year ended 31 December,Deaths (no.),,,36,31,26,29,36,32,
BD_5,Births and deaths - year ended 31 December,Standardised death rate (per 1000 people) (rate),,,6.8,5.6,5.3,4.5,4.8,5,
MIGRATION_2,Internal and overseas migration - at 30 June,Internal arrivals (no.),,,,,,,,,1808
MIGRATION_3,Internal and overseas migration - at 30 June,Internal departures (no.),,,,,,,,,1835
MIGRATION_4,Internal and overseas migration - at 30 June,Net internal migration (no.),,,,,,,,,-27
MIGRATION_5,Internal and overseas migration - at 30 June,Overseas arrivals (no.),,,,,,,,,451
MIGRATION_6,Internal and overseas migration - at 30 June,Overseas departures (no.),,,,,,,,,197
MIGRATION_7,Internal and overseas migration - at 30 June,Net overseas migration (no.),,,,,,,,,254
CENSUS_34,Aboriginal and Torres Strait Islander Peoples - Census,Aboriginal and Torres Strait Islander Peoples (no.),53,,77,,,,,71,
CENSUS_2,Aboriginal and Torres Strait Islander Peoples - Census,Aboriginal and Torres Strait Islander Peoples (%),0.8,,0.9,,,,,0.8,
CENSUS_4,Overseas born population - Census,Born in Oceania and Antarctica (excluding Australia) (%),,,3.6,,,,,3.7,
CENSUS_5,Overseas born population - Census,Born in North-West Europe (%),,,6.5,,,,,7.9,
CENSUS_6,Overseas born population - Census,Born in Southern and Eastern Europe (%),,,2.9,,,,,2.8,
CENSUS_7,Overseas born population - Census,Born in North Africa and the Middle East (%),,,2.5,,,,,2,
CENSUS_8,Overseas born population - Census,Born in South-East Asia (%),,,7.1,,,,,6.5,
CENSUS_9,Overseas born population - Census,Born in North-East Asia (%),,,3.9,,,,,3.1,
CENSUS_10,Overseas born population - Census,Born in Southern and Central Asia (%),,,0.9,,,,,1.3,
CENSUS_11,Overseas born population - Census,Born in Americas (%),,,2.8,,,,,2.9,
CENSUS_12,Overseas born population - Census,Born in Sub-Saharan Africa (%),,,4,,,,,4.6,
CENSUS_35,Overseas born population - Census,Total born overseas (no.),,,2914,,,,,3189,
CENSUS_13,Overseas born population - Census,Total born overseas (%),,,34.2,,,,,34.7,
CENSUS_15,Religious affiliation - Census,Buddhism (%),7.6,,5.1,,,,,4,
CENSUS_16,Religious affiliation - Census,Christianity (%),31.4,,24.7,,,,,19.7,
CENSUS_17,Religious affiliation - Census,Hinduism (%),0.3,,0.3,,,,,0.6,
CENSUS_18,Religious affiliation - Census,Islam (%),7,,5.8,,,,,7.1,
CENSUS_19,Religious affiliation - Census,Judaism (%),0.4,,0.6,,,,,0.7,
CENSUS_20,Religious affiliation - Census,Other religions (%),0.6,,0.4,,,,,0.4,
CENSUS_40,Religious affiliation - Census,"Secular beliefs, other spiritual beliefs or no religion (%)",36,,47.8,,,,,59.1,
CENSUS_22,Religious affiliation - Census,Religious affiliation inadequately described or not stated (%),16.6,,15.3,,,,,8.2,
CENSUS_36,Australian citizenship - Census,Australian citizen (no.),4799,,5973,,,,,7081,
CENSUS_37,Australian citizenship - Census,Not an Australian citizen (no.),790,,1443,,,,,1522,
CENSUS_38,Australian citizenship - Census,Australian citizenship not stated (no.),883,,1088,,,,,577,
CENSUS_29,Australian citizenship - Census,Australian citizen (%),74.1,,70.2,,,,,77.1,
CENSUS_30,Australian citizenship - Census,Not an Australian citizen (%),12.2,,17,,,,,16.6,
CENSUS_31,Australian citizenship - Census,Australian citizenship not stated (%),13.6,,12.8,,,,,6.3,
CENSUS_39,Speaks a language other than English at home - Census,Speaks a language other than English at home (no.),1940,,2295,,,,,2277,
CENSUS_33,Speaks a language other than English at home - Census,Speaks a language other than English at home (%),30,,27,,,,,24.8,
ADFS_2,Australian Defence Force service - Persons aged 15 years and over - Census,Currently serving in the Australian Defence Force (no.),,,,,,,,5,
ADFS_3,Australian Defence Force service - Persons aged 15 years and over - Census,Previously served in the Australian Defence Force (no.),,,,,,,,63,
ADFS_4,Australian Defence Force service - Persons aged 15 years and over - Census,Currently serving in the Australian Defence Force (%),,,,,,,,0.1,
ADFS_5,Australian Defence Force service - Persons aged 15 years and over - Census,Previously served in the Australian Defence Force (%),,,,,,,,0.8,
ING_LANG1,Language - Census,Speakers of an Aboriginal or Torres Strait Islander language who identify as Aboriginal and/or Torres Strait Islander (%),6.1,,0,,,,,0,
ING_LANG2,Language - Census,Speaks English at home (%),95.9,,94.7,,,,,95.4,
ING_EETP1,"Engagement in employment, education or training - Census",Fully engaged (%),27.3,,50,,,,,,
ING_EETP2,"Engagement in employment, education or training - Census",Partially or at least partially engaged (%),24.2,,15.5,,,,,,
ING_EETP3,"Engagement in employment, education or training - Census",Not engaged (%),54.5,,41.4,,,,,,
ING_YR12ATT,Education - Census,Attained year 12 or equivalent or Certificate III or above (aged 20-24 years) (%),0,,111.,,,,,,
ING_EMP1,Labour force status - Census,Employed (no.),14,,24,,,,,,
ING_EMP2,Labour force status - Census,% of total labour force employed,66.7,,85.7,,,,,,
ING_UNEMP1,Labour force status - Census,Unemployed (no.),4,,3,,,,,,
ING_UNEMP2,Labour force status - Census,% of total labour force unemployed,19,,10.7,,,,,,
ING_LABF,Labour force status - Census,In the labour force (no.),21,,28,,,,,,
ING_LFPR,Labour force status - Census,Labour force participation rate (%),61.8,,57.1,,,,,,
ING_NILF,Labour force status - Census,Not in the labour force (%),38.2,,42.9,,,,,,
ING_1564,Labour force status - Census,Total responding population aged 15-64 years (no.),34,,49,,,,,,
ING_EMP3,Labour force status - Census,% of total Census responding population employed,41.2,,49,,,,,,
ING_UA1,Unpaid assistance to a person with a disability - Census,Provided unpaid assistance (no.),8,,4,,,,,10,
ING_UA2,Unpaid assistance to a person with a disability - Census,Provided unpaid assistance (%),20.5,,6.6,,,,,17.5,
ING_UPCC1,Unpaid child care - Census,Cared for own child/children (no.),4,,9,,,,,0,
ING_UPCC2,Unpaid child care - Census,Cared for own child/children (%),10.3,,14.8,,,,,0,
ING_UPCC3,Unpaid child care - Census,Cared for other child/children (no.),3,,3,,,,,0,
ING_UPCC4,Unpaid child care - Census,Cared for other child/children (%),7.7,,4.9,,,,,0,
ING_UPCC5,Unpaid child care - Census,Total provided unpaid child care (no.),4,,6,,,,,7,
ING_UPCC6,Unpaid child care - Census,Total provided unpaid child care (%),10.3,,9.8,,,,,12.3,
ING_UPCC7,Unpaid child care - Census,Did not provide unpaid child care (no.),27,,44,,,,,52,
ING_UPCC8,Unpaid child care - Census,Did not provide unpaid child care (%),69.2,,72.1,,,,,91.2,
ING_VOLWP1,Voluntary work for an organisation or group - Census,Volunteered for an organisation or group (no.),9,,17,,,,,11,
ING_VOLWP2,Voluntary work for an organisation or group - Census,Volunteered for an organisation or group (%),23.1,,27.9,,,,,19.3,
ING_ASHP,Appropriately sized housing - Census,Persons living in appropriately sized dwellings (Closing the Gap measure) (%),86.4,,79.4,,,,,89.7,
ING_ONEBR,Appropriately sized housing - Census,Persons living in a dwelling requiring one additional bedroom (%),27.3,,5.9,,,,,5.2,
ING_TWOBR,Appropriately sized housing - Census,Persons living in a dwelling requiring two additional bedrooms (%),6.8,,8.8,,,,,0,
ING_THRBR,Appropriately sized housing - Census,Persons living in a dwelling requiring three additional bedrooms (%),0,,0,,,,,0,
ING_FOUBR,Appropriately sized housing - Census,Persons living in a dwelling requiring four or more additional bedrooms (%),0,,0,,,,,0,
ING_TTYPE1,Tenure type - Census,Owner with or without a mortgage (or being purchased under a shared equity scheme) (no.),3,,8,,,,,14,
ING_TTYPE3,Tenure type - Census,Owner with or without a mortgage (or being purchased under a shared equity scheme) (%),6.4,,10,,,,,21.2,
ING_TTYPE2,Tenure type - Census,Renter (no.),46,,71,,,,,51,
ING_TTYPE4,Tenure type - Census,Renter (%),97.9,,88.8,,,,,77.3,
CABEE_2,Number of businesses - at 30 June,Number of non-employing businesses,,,,,1171,1213,1229,1255,1374
CABEE_3,Number of businesses - at 30 June,Number of employing businesses: 1-4 employees,,,,,558,629,641,733,773
CABEE_4,Number of businesses - at 30 June,Number of employing businesses: 5-19 employees,,,,,275,283,284,311,326
CABEE_38,Number of businesses - at 30 June,Number of employing businesses: 20 or more employees,,,,,122,108,111,106,114
CABEE_5,Number of businesses - at 30 June,Total number of businesses,,,,,2129,2239,2268,2407,2585
CABEE_7,Business entries - year ended 30 June,Number of non employing business entries,,,,,,218,213,272,375
CABEE_8,Business entries - year ended 30 June,Number of employing business entries: 1-4 employees,,,,,,123,96,123,106
CABEE_9,Business entries - year ended 30 June,Number of employing business entries: 5-19 employees,,,,,,6,13,13,13
CABEE_39,Business entries - year ended 30 June,Number of employing business entries: 20 or more employees,,,,,,,3,,5
CABEE_10,Business entries - year ended 30 June,Total number of business entries,,,,,,343,322,405,499
CABEE_12,Business exits - year ended 30 June,Number of non employing business exits,,,,,,177,192,183,218
CABEE_13,Business exits - year ended 30 June,Number of employing business exits: 1-4 employees,,,,,,38,48,34,50
CABEE_14,Business exits - year ended 30 June,Number of employing business exits: 5-19 employees,,,,,,14,9,11,14
CABEE_40,Business exits - year ended 30 June,Number of employing business exits: 20 or more employees,,,,,,4,4,5,4
CABEE_15,Business exits - year ended 30 June,Total number of business exits,,,,,,238,256,234,292
CABEE_19,Number of businesses by industry - at 30 June,"Agriculture, forestry and fishing (no.)",,,,,8,4,4,9,8
CABEE_28,Number of businesses by industry - at 30 June,Mining (no.),,,,,11,4,5,5,5
CABEE_27,Number of businesses by industry - at 30 June,Manufacturing (no.),,,,,75,84,74,86,85
CABEE_23,Number of businesses by industry - at 30 June,"Electricity, gas water and waste services (no.)",,,,,8,11,5,7,5
CABEE_21,Number of businesses by industry - at 30 June,Construction (no.),,,,,157,145,144,154,145
CABEE_37,Number of businesses by industry - at 30 June,Wholesale trade (no.),,,,,114,116,106,111,116
CABEE_34,Number of businesses by industry - at 30 June,Retail trade (no.),,,,,220,223,208,220,252
CABEE_17,Number of businesses by industry - at 30 June,Accommodation and food services (no.),,,,,125,121,122,134,142
CABEE_36,Number of businesses by industry - at 30 June,"Transport, postal and warehousing (no.)",,,,,79,97,109,115,146
CABEE_26,Number of businesses by industry - at 30 June,Information media and telecommunications (no.),,,,,102,110,108,111,119
CABEE_24,Number of businesses by industry - at 30 June,Financial and insurance services (no.),,,,,72,84,83,88,103
CABEE_33,Number of businesses by industry - at 30 June,"Rental, hiring and real estate services (no.)",,,,,270,277,269,272,274
CABEE_31,Number of businesses by industry - at 30 June,"Professional, scientific and technical services (no.)",,,,,532,589,635,665,709
CABEE_18,Number of businesses by industry - at 30 June,Administrative and support services (no.),,,,,90,99,104,102,126
CABEE_32,Number of businesses by industry - at 30 June,Public administration and safety (no.),,,,,5,3,6,5,
CABEE_22,Number of businesses by industry - at 30 June,Education and training (no.),,,,,33,37,40,45,42
CABEE_25,Number of businesses by industry - at 30 June,Health care and social assistance (no.),,,,,69,64,80,99,101
CABEE_20,Number of businesses by industry - at 30 June,Arts and recreation services (no.),,,,,86,90,98,100,121
CABEE_30,Number of businesses by industry - at 30 June,Other services (no.),,,,,60,69,58,84,95
CABEE_29,Number of businesses by industry - at 30 June,Currently unknown (no.),,,,,11,6,4,4,3
CABEE_42,Number of businesses by turnover - at 30 June,Number of businesses with turnover of zero to less than $50k,,,,,527,572,547,719,821
CABEE_43,Number of businesses by turnover - at 30 June,Number of businesses with turnover of $50k to less than $200k,,,,,564,543,589,618,659
CABEE_44,Number of businesses by turnover - at 30 June,Number of businesses with turnover of $200k to less than $2m,,,,,747,835,838,816,823
CABEE_45,Number of businesses by turnover - at 30 June,Number of businesses with turnover of $2m to less than $5m,,,,,163,162,159,136,143
CABEE_46,Number of businesses by turnover - at 30 June,Number of businesses with turnover of $5m to less than $10m,,,,,54,49,72,51,62
CABEE_47,Number of businesses by turnover - at 30 June,Number of businesses with turnover of $10m or more,,,,,72,69,63,67,76
CABEE_50,Business entries by turnover - year ended 30 June,Number of business entries with turnover of zero to less than $50k,,,,,,168,149,200,244
CABEE_51,Business entries by turnover - year ended 30 June,Number of business entries with turnover of $50k to less than $200k,,,,,,97,102,132,169
CABEE_52,Business entries by turnover - year ended 30 June,Number of business entries with turnover of $200k to less than $2m,,,,,,76,66,69,74
CABEE_53,Business entries by turnover - year ended 30 June,Number of business entries with turnover of $2m to less than $5m,,,,,,4,5,6,5
CABEE_55,Business entries by turnover - year ended 30 June,Number of business entries with turnover of $10m or more,,,,,,,,,3
CABEE_58,Business exits by turnover - year ended 30 June,Number of business exits with turnover of zero to less than $50k,,,,,,98,131,107,142
CABEE_59,Business exits by turnover - year ended 30 June,Number of business exits with turnover of $50k to less than $200k,,,,,,75,64,68,64
CABEE_60,Business exits by turnover - year ended 30 June,Number of business exits with turnover of $200k to less than $2m,,,,,,44,46,48,43
CABEE_61,Business exits by turnover - year ended 30 June,Number of business exits with turnover of $2m to less than $5m,,,,,,8,4,8,27
CABEE_63,Business exits by turnover - year ended 30 June,Number of business exits with turnover of $10m or more,,,,,,9,3,,3
BUILDING_2,Building approvals - year ended 30 June,Private sector houses (no.),,,,1,1,1,1,,2
BUILDING_3,Building approvals - year ended 30 June,Private sector dwellings excluding houses (no.),,,,357,288,,364,110,56
BUILDING_12,Building approvals - year ended 30 June,Total private sector dwelling units (no.),,,,358,289,1,365,110,58
BUILDING_4,Building approvals - year ended 30 June,Total dwelling units (no.),,,,358,289,1,365,110,58
BUILDING_5,Building approvals - year ended 30 June,Value of private sector houses ($m),,,,4,5,3,2,6,7
BUILDING_6,Building approvals - year ended 30 June,Value of private sector dwellings excluding houses ($m),,,,92,112,,157,34,38
BUILDING_7,Building approvals - year ended 30 June,Total value of private sector dwelling units ($m),,,,96,117,3,160,40,45
BUILDING_8,Building approvals - year ended 30 June,Value of residential building ($m),,,,96,119,9,161,42,47
BUILDING_9,Building approvals - year ended 30 June,Value of non-residential building ($m),,,,28,81,44,57,125,159
BUILDING_10,Building approvals - year ended 30 June,Value of total building ($m),,,,124,200,54,218,168,206
HOUSES_2,Residential property transfers - year ended 30 June,Number of established house transfers (no.),,,34,41,44,35,35,23,
HOUSES_3,Residential property transfers - year ended 30 June,Median price of established house transfers ($),,,894500,1057000,1122999.5,1035000,1100000,1193000,
HOUSES_4,Residential property transfers - year ended 30 June,Number of attached dwelling transfers (no.),,,284,405,267,195,242,226,
HOUSES_5,Residential property transfers - year ended 30 June,Median price of attached dwelling transfers ($),,,587750,598175,590000,587500,685600,685000,
MVC_14,Registered motor vehicles - Type of vehicle - at 31 January,Passenger vehicles (no.),,,4274,4613,4803,4960,5165,,
MVC_15,Registered motor vehicles - Type of vehicle - at 31 January,Campervans (no.),,,6,13,11,7,9,,
MVC_16,Registered motor vehicles - Type of vehicle - at 31 January,Light commercial vehicles (no.),,,623,635,660,668,699,,
MVC_17,Registered motor vehicles - Type of vehicle - at 31 January,Light rigid trucks (no.),,,42,38,44,48,54,,
MVC_18,Registered motor vehicles - Type of vehicle - at 31 January,Heavy rigid trucks (no.),,,28,22,24,30,23,,
MVC_19,Registered motor vehicles - Type of vehicle - at 31 January,Articulated trucks (no.),,,3,,,,3,,
MVC_20,Registered motor vehicles - Type of vehicle - at 31 January,Non-freight carrying trucks (no.),,,4,6,6,5,5,,
MVC_21,Registered motor vehicles - Type of vehicle - at 31 January,Buses (no.),,,16,16,12,15,12,,
MVC_22,Registered motor vehicles - Type of vehicle - at 31 January,Motorcycles (no.),,,264,260,357,287,259,,
MVC_38,Registered motor vehicles - Type of vehicle - at 31 January,Total registered motor vehicles (no.),,,5259,5612,5919,6022,6235,,
MVC_29,Registered motor vehicles - Type of fuel - at 31 January,Petrol (no.),,,4326,4640,4869,4907,5054,,
MVC_30,Registered motor vehicles - Type of fuel - at 31 January,Diesel (no.),,,783,826,907,984,1039,,
MVC_31,Registered motor vehicles - Type of fuel - at 31 January,LPG/dual/other (no.),,,146,138,137,126,135,,
MVC_33,Registered motor vehicles - Type of fuel - at 31 January,Electric (no.),,,3,3,5,8,15,,
MVC_35,Registered motor vehicles - Year of manufacture - at 31 January,Less than 5 years (no.),,,1921,2174,2397,2414,2395,,
MVC_36,Registered motor vehicles - Year of manufacture - at 31 January,5 to 10 years (no.),,,1508,1491,1484,1476,1596,,
MVC_37,Registered motor vehicles - Year of manufacture - at 31 January,Over 10 years (no.),,,1825,1946,2037,2128,2247,,
EMP_IND_2,Industry of employment - Persons aged 15 years and over - Census,"Agriculture, forestry and fishing (%)",0.2,,0.1,,,,,0.3,
EMP_IND_3,Industry of employment - Persons aged 15 years and over - Census,Mining (%),0.3,,0.3,,,,,0.1,
EMP_IND_4,Industry of employment - Persons aged 15 years and over - Census,Manufacturing (%),5.7,,3.9,,,,,3.8,
EMP_IND_5,Industry of employment - Persons aged 15 years and over - Census,"Electricity, gas water and waste services (%)",1.1,,1,,,,,1,
EMP_IND_6,Industry of employment - Persons aged 15 years and over - Census,Construction (%),3.6,,3.7,,,,,3.9,
EMP_IND_7,Industry of employment - Persons aged 15 years and over - Census,Wholesale trade (%),3.6,,2.1,,,,,1.7,
EMP_IND_8,Industry of employment - Persons aged 15 years and over - Census,Retail trade (%),8.5,,7.4,,,,,7.3,
EMP_IND_9,Industry of employment - Persons aged 15 years and over - Census,Accommodation and food services (%),8.1,,9.5,,,,,7.1,
EMP_IND_10,Industry of employment - Persons aged 15 years and over - Census,"Transport, postal and warehousing (%)",2.3,,2.4,,,,,2.5,
EMP_IND_11,Industry of employment - Persons aged 15 years and over - Census,Information media and telecommunications (%),4.8,,5.1,,,,,2.8,
EMP_IND_12,Industry of employment - Persons aged 15 years and over - Census,Financial and insurance services (%),6.3,,5.4,,,,,5.5,
EMP_IND_13,Industry of employment - Persons aged 15 years and over - Census,"Rental, hiring and real estate services (%)",1.5,,1.3,,,,,1.5,
EMP_IND_14,Industry of employment - Persons aged 15 years and over - Census,"Professional, scientific and technical services (%)",16.1,,17.9,,,,,20.3,
EMP_IND_15,Industry of employment - Persons aged 15 years and over - Census,Administrative and support services (%),3.6,,3.3,,,,,2.7,
EMP_IND_16,Industry of employment - Persons aged 15 years and over - Census,Public administration and safety (%),5.7,,5.8,,,,,7,
EMP_IND_17,Industry of employment - Persons aged 15 years and over - Census,Education and training (%),8,,8.6,,,,,8.5,
EMP_IND_18,Industry of employment - Persons aged 15 years and over - Census,Health care and social assistance (%),11.6,,11.3,,,,,13.6,
EMP_IND_19,Industry of employment - Persons aged 15 years and over - Census,Arts and recreation services (%),3.1,,3.5,,,,,3.8,
EMP_IND_20,Industry of employment - Persons aged 15 years and over - Census,Other services (%),3.1,,3.2,,,,,2.4,
EMP_IND_22,Industry of employment - Persons aged 15 years and over - Census,Industry of employment inadequately described or not stated (%),2.4,,4.2,,,,,4.5,
EMP_IND_21,Industry of employment - Persons aged 15 years and over - Census,Total persons employed aged 15 years and over (no.),3320,,4715,,,,,5889,
DWELLSTOCK_3,Estimated dwelling stock - June quarter,Houses - removals (no.),,,,2,3,1,3,,4
DWELLSTOCK_4,Estimated dwelling stock - June quarter,Houses - total (no.),,,,297,294,293,290,290,286
DWELLSTOCK_5,Estimated dwelling stock - June quarter,Townhouses - additions (no.),,,,3,3,1,2,,
DWELLSTOCK_6,Estimated dwelling stock - June quarter,Townhouses - removals (no.),,,,,1,,,,
DWELLSTOCK_7,Estimated dwelling stock - June quarter,Townhouses - total (no.),,,,1372,1374,1375,1377,1377,1377
DWELLSTOCK_8,Estimated dwelling stock - June quarter,Apartments - additions (no.),,,,217,131,273,253,8,425
DWELLSTOCK_9,Estimated dwelling stock - June quarter,Apartments - removals (no.),,,,,,,3,2,
DWELLSTOCK_10,Estimated dwelling stock - June quarter,Apartments - total (no.),,,,3288,3419,3692,3942,3948,4373
DWELLSTOCK_11,Estimated dwelling stock - June quarter,Total dwelling additions (no.),,,,220,135,274,255,8,425
DWELLSTOCK_12,Estimated dwelling stock - June quarter,Total dwelling removals (no.),,,,2,4,1,6,2,4
DWELLSTOCK_13,Estimated dwelling stock - June quarter,Total dwellings (no.),,,,4981,5112,5385,5634,5640,6061
INCOME_4,Personal income in Australia - year ended 30 June,Employee income earners (no.),,,5241,5991,6193,6563,,,
INCOME_20,Personal income in Australia - year ended 30 June,Employee income earners - median age (years),,,32,32,32,32,,,
INCOME_3,Personal income in Australia - year ended 30 June,Total employee income ($m),,,324.6,381.3,419.6,471.5,,,
INCOME_2,Personal income in Australia - year ended 30 June,Median employee income ($),,,52434,52814,57931,61347,,,
INCOME_21,Personal income in Australia - year ended 30 June,Mean employee income ($),,,61932,63641,67759,71841,,,
INCOME_22,Personal income in Australia - year ended 30 June,Employee income as main source of income (%),,,82.6,85,85.2,85.4,,,
INCOME_7,Personal income in Australia - year ended 30 June,Own unincorporated business income earners (no.),,,926,971,1001,1093,,,
INCOME_23,Personal income in Australia - year ended 30 June,Own unincorporated business income earners - median age (years),,,36,35,36,36,,,
INCOME_6,Personal income in Australia - year ended 30 June,Total own unincorporated business income ($m),,,24.2,23.5,24.9,27.4,,,
INCOME_5,Personal income in Australia - year ended 30 June,Median own unincorporated business income ($),,,9199,7501,8153,9323,,,
INCOME_24,Personal income in Australia - year ended 30 June,Mean own unincorporated business income ($),,,26187,24245,24865,25045,,,
INCOME_25,Personal income in Australia - year ended 30 June,Own unincorporated business income as main source of income (%),,,8.7,7,7.2,7.1,,,
INCOME_10,Personal income in Australia - year ended 30 June,Investment income earners (no.),,,3651,3948,4139,4568,,,
INCOME_26,Personal income in Australia - year ended 30 June,Investment income earners - median age (years),,,34,33,34,34,,,
INCOME_9,Personal income in Australia - year ended 30 June,Total investment income ($m),,,24.7,26.4,27.4,33.8,,,
INCOME_8,Personal income in Australia - year ended 30 June,Median investment income ($),,,179,160,144,131,,,
INCOME_27,Personal income in Australia - year ended 30 June,Mean investment income ($),,,6760,6681,6625,7407,,,
INCOME_28,Personal income in Australia - year ended 30 June,Investment income as main source of income (%),,,7.4,6.5,6.5,6.3,,,
INCOME_13,Personal income in Australia - year ended 30 June,Superannuation and annuity income earners (no.),,,71,91,66,76,,,
INCOME_29,Personal income in Australia - year ended 30 June,Superannuation and annuity income earners - median age (years),,,58,57,59,57,,,
INCOME_12,Personal income in Australia - year ended 30 June,Total superannuation and annuity income ($m),,,2.5,2.6,1.9,1.6,,,
INCOME_11,Personal income in Australia - year ended 30 June,Median superannuation and annuity income ($),,,19477,16017,15108,11130,,,
INCOME_30,Personal income in Australia - year ended 30 June,Mean superannuation and annuity income ($),,,35094,28081,28212,21598,,,
INCOME_31,Personal income in Australia - year ended 30 June,Superannuation and annuity income as main source of income (%),,,0.8,0.9,0.5,0.6,,,
INCOME_19,Personal income in Australia - year ended 30 June,Total income earners (excl. Government pensions and allowances) (no.),,,5106,5698,6027,6380,,,
INCOME_35,Personal income in Australia - year ended 30 June,Total income earners (excl. Government pensions and allowances) - median age (years),,,33,33,33,33,,,
INCOME_18,Personal income in Australia - year ended 30 June,Total income (excl. Government pensions and allowances) ($m),,,343.7,397.3,440.2,495.8,,,
INCOME_17,Personal income in Australia - year ended 30 June,Median total income (excl. Government pensions and allowances) ($),,,53828,56825,60589,63876,,,
INCOME_36,Personal income in Australia - year ended 30 June,Mean total income (excl. Government pensions and allowances) ($),,,67310,69726,73036,77705,,,
INCOME_37,Personal income in Australia - year ended 30 June,Total income (excl. Government pensions and allowances) - p80/P20 ratio,,,4.62,4.62,4.6,4.31,,,
INCOME_38,Personal income in Australia - year ended 30 June,Total income (excl. Government pensions and allowances) - p80/P50 ratio,,,1.83,1.79,1.76,1.78,,,
INCOME_39,Personal income in Australia - year ended 30 June,Total income (excl. Government pensions and allowances) - p20/P50 ratio,,,0.4,0.39,0.38,0.41,,,
INCOME_40,Personal income in Australia - year ended 30 June,Total income (excl. Government pensions and allowances) - p10/P50 ratio,,,0.2,0.21,0.18,0.21,,,
INCOME_41,Personal income in Australia - year ended 30 June,Total income (excl. Government pensions and allowances) - gini coefficient,,,0.454,0.445,0.445,0.434,,,
INCOME_42,Personal income in Australia - year ended 30 June,Total income (excl. Government pensions and allowances) - income share of top 1% of earners,,,7.4,7,7,6.7,,,
INCOME_43,Personal income in Australia - year ended 30 June,Total income (excl. Government pensions and allowances) - income share of top 5% of earners,,,20.4,19.6,19.3,18.8,,,
INCOME_44,Personal income in Australia - year ended 30 June,Total income (excl. Government pensions and allowances) - income share of top 10% of earners,,,31.3,30.6,30.1,29.7,,,
INCOME_45,Personal income in Australia - year ended 30 June,Total income (excl. Government pensions and allowances) - lowest Quartile (%),,,21.3,20.6,20.3,18.8,,,
INCOME_46,Personal income in Australia - year ended 30 June,Total income (excl. Government pensions and allowances) - second Quartile (%),,,22.9,22.2,20.8,20.4,,,
INCOME_47,Personal income in Australia - year ended 30 June,Total income (excl. Government pensions and allowances) - third Quartile (%),,,25.8,25.6,25.6,26.6,,,
INCOME_48,Personal income in Australia - year ended 30 June,Total income (excl. Government pensions and allowances) - highest Quartile (%),,,30,31.6,33.2,34.2,,,
PENSION_2,Selected Government pensions and allowances - at 30 June,Age pension (no.),,,,374,372,377,380,362,352
PENSION_6,Selected Government pensions and allowances - at 30 June,Carer payment (no.),,,,66,65,67,71,68,68
PENSION_16,Selected Government pensions and allowances - at 30 June,Carer allowance (no.),,,,119,123,117,127,122,111
PENSION_7,Selected Government pensions and allowances - at 30 June,Disability support pension (no.),,,,407,398,386,381,362,352
PENSION_9,Selected Government pensions and allowances - at 30 June,JobSeeker payment (no.),,,,,,,998,650,502
PENSION_8,Selected Government pensions and allowances - at 30 June,Newstart allowance (no.),,,,436,442,446,,,
PENSION_10,Selected Government pensions and allowances - at 30 June,Parenting payment - single (no.),,,,144,137,133,124,112,100
PENSION_17,Selected Government pensions and allowances - at 30 June,Parenting payment - partnered (no.),,,,54,39,43,43,42,30
PENSION_11,Selected Government pensions and allowances - at 30 June,Youth allowance (full time students/apprentices) (no.),,,,142,120,126,187,164,138
PENSION_12,Selected Government pensions and allowances - at 30 June,Youth allowance (other) (no.),,,,34,30,33,73,40,28
PENSION_13,Selected Government pensions and allowances - at 30 June,Family tax benefit A (no.),,,,426,423,427,427,382,332
PENSION_14,Selected Government pensions and allowances - at 30 June,Family tax benefit B (no.),,,,402,393,390,393,348,302
PENSION_18,Selected Government pensions and allowances - at 30 June,Commonwealth rent assistance (no.),,,,304,252,233,653,382,268
PERSINC_2,Total personal income (weekly) - Persons aged 15 years and over - Census,$1-$499 per week (%),,,20.8,,,,,15.9,
PERSINC_3,Total personal income (weekly) - Persons aged 15 years and over - Census,$500-$999 per week (%),,,17.3,,,,,14.9,
PERSINC_4,Total personal income (weekly) - Persons aged 15 years and over - Census,$1000-$1999 per week (%),,,29.1,,,,,32.4,
PERSINC_5,Total personal income (weekly) - Persons aged 15 years and over - Census,$2000-$2999 per week (%),,,7.8,,,,,15.1,
PERSINC_6,Total personal income (weekly) - Persons aged 15 years and over - Census,$3000 or more per week (%),,,4.9,,,,,9.7,
PERSINC_7,Total personal income (weekly) - Persons aged 15 years and over - Census,Nil income (%),,,5.2,,,,,4.2,
PERSINC_8,Total personal income (weekly) - Persons aged 15 years and over - Census,Negative income (%),,,0.5,,,,,0.4,
PERSINC_9,Total personal income (weekly) - Persons aged 15 years and over - Census,Income inadequately described or not stated (%),,,14.3,,,,,7.4,
EQUIV_2,Equivalised total household income (weekly) - Census,Median equivalised total household income (weekly) ($),915,,1258,,,,,1693,
EQUIV_3,Equivalised total household income (weekly) - Census,$1-$499 per week (%),,,20.6,,,,,14.3,
EQUIV_4,Equivalised total household income (weekly) - Census,$500-$999 per week (%),,,14.4,,,,,12.3,
EQUIV_5,Equivalised total household income (weekly) - Census,$1000-$1999 per week (%),,,31.8,,,,,30.1,
EQUIV_6,Equivalised total household income (weekly) - Census,$2000-$2999 per week (%),,,14,,,,,20.8,
EQUIV_7,Equivalised total household income (weekly) - Census,$3000 or more per week (%),,,7,,,,,15.5,
EQUIV_8,Equivalised total household income (weekly) - Census,Nil income (%),,,2.3,,,,,1.8,
EQUIV_9,Equivalised total household income (weekly) - Census,Partial income stated (%),,,7.2,,,,,3.6,
EQUIV_10,Equivalised total household income (weekly) - Census,All incomes not stated (%),,,2.6,,,,,1.5,
PRESCH_2,Children enrolled in a preschool or preschool program (4 and 5 year olds),4 year olds enrolled in preschool or preschool program (no.),,,,72,41,54,38,53,
PRESCH_3,Children enrolled in a preschool or preschool program (4 and 5 year olds),5 year olds enrolled in preschool or preschool program (no.),,,,19,10,12,14,12,
PRESCH_5,Children enrolled in a preschool or preschool program (4 and 5 year olds),Children enrolled in preschool (no.),,,,12,9,3,7,9,
PRESCH_6,Children enrolled in a preschool or preschool program (4 and 5 year olds),Children enrolled in preschool program within centre based day care (no.),,,,83,43,62,44,59,
PRESCH_7,Children enrolled in a preschool or preschool program (4 and 5 year olds),Children enrolled across more than one provider type (no.),,,,3,,,,,
PRESCH_8,Children enrolled in a preschool or preschool program (4 and 5 year olds),Children enrolled in a preschool or preschool program (no.),,,,98,53,64,50,64,
PRESCH_10,Children attending a preschool or preschool program (4 and 5 year olds),Children attending preschool for less than 15 hours (no.),,,,16,8,17,,,
PRESCH_11,Children attending a preschool or preschool program (4 and 5 year olds),Children attending preschool for 15 hours or more (no.),,,,77,44,45,,,
LEED_2,Jobs in Australia - year ended 30 June,Number of jobs held by females,,,4454,4887,4889,5198,5073,,
LEED_3,Jobs in Australia - year ended 30 June,Number of jobs held by males,,,4645,5064,5242,5620,5477,,
LEED_4,Jobs in Australia - year ended 30 June,Number of jobs,,,9094,9952,10126,10825,10549,,
LEED_5,Jobs in Australia - year ended 30 June,"Number of employee jobs - agriculture, forestry and fishing",,,123,150,123,69,76,,
LEED_6,Jobs in Australia - year ended 30 June,Number of employee jobs - mining,,,,16,17,18,17,,
LEED_7,Jobs in Australia - year ended 30 June,Number of employee jobs - manufacturing,,,300,313,323,326,294,,
LEED_8,Jobs in Australia - year ended 30 June,"Number of employee jobs - electricity, gas water and waste services",,,48,64,71,66,64,,
LEED_9,Jobs in Australia - year ended 30 June,Number of employee jobs - construction,,,163,198,259,257,234,,
LEED_10,Jobs in Australia - year ended 30 June,Number of employee jobs - wholesale trade,,,296,348,315,306,264,,
LEED_11,Jobs in Australia - year ended 30 June,Number of employee jobs - retail trade,,,579,651,646,683,670,,
LEED_12,Jobs in Australia - year ended 30 June,Number of employee jobs - accommodation and food services,,,1039,1083,1037,1113,1079,,
LEED_13,Jobs in Australia - year ended 30 June,"Number of employee jobs - transport, postal and warehousing",,,136,133,146,163,138,,
LEED_14,Jobs in Australia - year ended 30 June,Number of employee jobs - information media and telecommunications,,,390,436,399,405,394,,
LEED_15,Jobs in Australia - year ended 30 June,Number of employee jobs - finance and insurance services,,,339,359,373,436,417,,
LEED_16,Jobs in Australia - year ended 30 June,"Number of employee jobs - rental, hiring and real estate services",,,116,128,131,144,129,,
LEED_17,Jobs in Australia - year ended 30 June,"Number of employee jobs - professional, scientific and technical services",,,1170,1317,1424,1567,1505,,
LEED_18,Jobs in Australia - year ended 30 June,Number of employee jobs - administrative and support services,,,861,1014,1078,1220,1180,,
LEED_19,Jobs in Australia - year ended 30 June,Number of employee jobs - public administration and safety,,,354,430,407,622,480,,
LEED_20,Jobs in Australia - year ended 30 June,Number of employee jobs - education and training,,,714,769,750,662,804,,
LEED_21,Jobs in Australia - year ended 30 June,Number of employee jobs - health care and social assistance,,,727,851,890,945,1039,,
LEED_22,Jobs in Australia - year ended 30 June,Number of employee jobs - arts and recreation services,,,251,233,248,240,246,,
LEED_23,Jobs in Australia - year ended 30 June,Number of employee jobs - other services,,,269,279,252,272,285,,
LEED_24,Jobs in Australia - year ended 30 June,Number of employee jobs - total,,,8153,8988,9132,9727,9470,,
HIGH_2,Highest year of school completed - Persons aged 15 years and over who are no longer attending primary or secondary school - Census,Completed year 12 or equivalent (%),64.4,,70.5,,,,,79.1,
HIGH_3,Highest year of school completed - Persons aged 15 years and over who are no longer attending primary or secondary school - Census,Completed year 11 or equivalent (%),5.3,,4.4,,,,,4.5,
HIGH_4,Highest year of school completed - Persons aged 15 years and over who are no longer attending primary or secondary school - Census,Completed year 10 or equivalent (%),5.5,,4.5,,,,,4.2,
HIGH_5,Highest year of school completed - Persons aged 15 years and over who are no longer attending primary or secondary school - Census,Completed year 9 or equivalent (%),2.5,,1.6,,,,,1.3,
HIGH_6,Highest year of school completed - Persons aged 15 years and over who are no longer attending primary or secondary school - Census,Completed year 8 or below (%),4.6,,3.4,,,,,2.6,
HIGH_8,Highest year of school completed - Persons aged 15 years and over who are no longer attending primary or secondary school - Census,Highest year of school completed not stated (%),15.3,,14,,,,,6.9,
HIGH_7,Highest year of school completed - Persons aged 15 years and over who are no longer attending primary or secondary school - Census,Did not go to school (%),2.5,,1.4,,,,,1.4,
SCHOOL_2,Non-school qualifications - Persons aged 15 years and over - Census,Total persons with non-school qualification(s) (%),68.9,,74.8,,,,,78.7,
SCHOOL_3,Non-school qualifications - Persons aged 15 years and over - Census,Postgraduate degree (%),7.1,,11,,,,,16,
SCHOOL_4,Non-school qualifications - Persons aged 15 years and over - Census,Graduate diploma/graduate certificate (%),3.3,,3.5,,,,,4,
SCHOOL_5,Non-school qualifications - Persons aged 15 years and over - Census,Bachelor degree (%),25.7,,28.6,,,,,34.1,
SCHOOL_6,Non-school qualifications - Persons aged 15 years and over - Census,Advanced diploma/diploma (%),7.3,,7.8,,,,,7.8,
SCHOOL_7,Non-school qualifications - Persons aged 15 years and over - Census,Certificate (%),9.5,,9.2,,,,,8.8,
SCHOOL_9,Non-school qualifications - Persons aged 15 years and over - Census,Non-school qualification inadequately described (%),0.8,,0.5,,,,,0.5,
SCHOOL_10,Non-school qualifications - Persons aged 15 years and over - Census,Non-school qualification not stated (%),15.3,,14.2,,,,,7.5,
FIELD_2,Non-school qualifications - Field of study - Persons aged 15 years and over - Census,Natural and physical sciences (%),3.5,,3.5,,,,,3.8,
FIELD_3,Non-school qualifications - Field of study - Persons aged 15 years and over - Census,Information technology (%),3.1,,3,,,,,3.4,
FIELD_4,Non-school qualifications - Field of study - Persons aged 15 years and over - Census,Engineering and related technologies (%),6.1,,6.1,,,,,5.8,
FIELD_5,Non-school qualifications - Field of study - Persons aged 15 years and over - Census,Architecture and building (%),3.7,,4.3,,,,,5.2,
FIELD_6,Non-school qualifications - Field of study - Persons aged 15 years and over - Census,"Agriculture, environmental and related studies (%)",1,,1,,,,,1,
FIELD_7,Non-school qualifications - Field of study - Persons aged 15 years and over - Census,Health (%),7.4,,7.7,,,,,10.4,
FIELD_8,Non-school qualifications - Field of study - Persons aged 15 years and over - Census,Education (%),4.2,,4.5,,,,,4.8,
FIELD_9,Non-school qualifications - Field of study - Persons aged 15 years and over - Census,Management and commerce (%),14.9,,16.5,,,,,18.6,
FIELD_10,Non-school qualifications - Field of study - Persons aged 15 years and over - Census,Society and culture (%),14.7,,16.2,,,,,17.4,
FIELD_11,Non-school qualifications - Field of study - Persons aged 15 years and over - Census,Creative arts (%),12.5,,12,,,,,14,
FIELD_12,Non-school qualifications - Field of study - Persons aged 15 years and over - Census,"Food, hospitality and personal services (%)",3.8,,3.4,,,,,3,
FIELD_13,Non-school qualifications - Field of study - Persons aged 15 years and over - Census,Mixed field programmes (%),,,0.3,,,,,0.1,
FIELD_15,Non-school qualifications - Field of study - Persons aged 15 years and over - Census,Field of study inadequately described (%),2.7,,2.2,,,,,2.3,
FIELD_16,Non-school qualifications - Field of study - Persons aged 15 years and over - Census,Field of study not stated (%),22.6,,19.2,,,,,10,
YOUTH_2,Youth engagement in work/study - Persons aged 15-19 years - Census,Working full-time and studying part-time (%),2.6,,,,,,,,
YOUTH_3,Youth engagement in work/study - Persons aged 15-19 years - Census,Working part time and studying part-time (%),2.1,,1.5,,,,,,
YOUTH_4,Youth engagement in work/study - Persons aged 15-19 years - Census,Working part-time and studying full-time (%),5.6,,18.1,,,,,16.5,
YOUTH_5,Youth engagement in work/study - Persons aged 15-19 years - Census,Working full-time (not studying) (%),3.1,,1.1,,,,,1.4,
YOUTH_6,Youth engagement in work/study - Persons aged 15-19 years - Census,Studying full-time (not working) (%),56.4,,52.8,,,,,52.4,
YOUTH_10,Youth engagement in work/study - Persons aged 15-19 years - Census,Working (away from work) and studying full-time (%),,,,,,,,5.2,
YOUTH_11,Youth engagement in work/study - Persons aged 15-19 years - Census,Other fully engaged (%),,,,,,,,1.4,
YOUTH_8,Youth engagement in work/study - Persons aged 15-19 years - Census,Total fully engaged (%),74.9,,75.5,,,,,79.7,
YOUTH_9,Youth engagement in work/study - Persons aged 15-19 years - Census,Total persons aged 15-19 years (no.),195,,265,,,,,212,
LF_6,Labour force status - Persons aged 15 years and over - Census,Employed (no.),3320,,4715,,,,,5889,
LF_3,Labour force status - Persons aged 15 years and over - Census,Unemployed (no.),238,,357,,,,,302,
LF_2,Labour force status - Persons aged 15 years and over - Census,In the Labour force (no.),3558,,5066,,,,,6194,
LF_4,Labour force status - Persons aged 15 years and over - Census,Unemployment rate (%),6.7,,7,,,,,4.9,
LF_5,Labour force status - Persons aged 15 years and over - Census,Participation rate (%),63.3,,67.3,,,,,74.8,
LF_7,Labour force status - Persons aged 15 years and over - Census,Not in the labour force (%),23.9,,20.1,,,,,18.6,
LF_8,Labour force status - Persons aged 15 years and over - Census,Labour force status not stated (%),12.8,,12.7,,,,,6.7,
LF_9,Labour force status - Persons aged 15 years and over - Census,Total persons aged 15 years and over (no.),5624,,7530,,,,,8284,
EMP_OCC_2,Occupation of employed persons - Persons aged 15 years and over - Census,Managers (%),14.5,,15.8,,,,,17.3,
EMP_OCC_3,Occupation of employed persons - Persons aged 15 years and over - Census,Professionals (%),39.6,,42.3,,,,,47.6,
EMP_OCC_4,Occupation of employed persons - Persons aged 15 years and over - Census,Technicians and trades workers (%),8.6,,8,,,,,6.4,
EMP_OCC_5,Occupation of employed persons - Persons aged 15 years and over - Census,Community and personal service workers (%),8.6,,9.7,,,,,8.1,
EMP_OCC_6,Occupation of employed persons - Persons aged 15 years and over - Census,Clerical and administrative workers (%),12.1,,10.1,,,,,8.9,
EMP_OCC_7,Occupation of employed persons - Persons aged 15 years and over - Census,Sales workers (%),6.9,,6.8,,,,,5.3,
EMP_OCC_8,Occupation of employed persons - Persons aged 15 years and over - Census,Machinery operators and drivers (%),2.3,,1.5,,,,,1.8,
EMP_OCC_9,Occupation of employed persons - Persons aged 15 years and over - Census,Labourers (%),5.2,,4.1,,,,,2.9,
EMP_OCC_10,Occupation of employed persons - Persons aged 15 years and over - Census,Occupation inadequately described or not stated (%),2,,1.9,,,,,1.7,
DISAB_2,Selected disability and carers characteristics (modelled estimates) - Persons living in private dwellings,Persons with a disability (no.),,,,,1071,,,,
DISAB_3,Selected disability and carers characteristics (modelled estimates) - Persons living in private dwellings,Persons with a disability (%),,,,,10.3,,,,
DISAB_4,Selected disability and carers characteristics (modelled estimates) - Persons living in private dwellings,Persons with a profound or severe core activity limitation (no.),,,,,327,,,,
DISAB_5,Selected disability and carers characteristics (modelled estimates) - Persons living in private dwellings,Persons with a profound or severe core activity limitation (%),,,,,3.2,,,,
DISAB_6,Selected disability and carers characteristics (modelled estimates) - Persons living in private dwellings,Persons with a moderate or mild core activity limitation (no.),,,,,526,,,,
DISAB_7,Selected disability and carers characteristics (modelled estimates) - Persons living in private dwellings,Persons with a moderate or mild core activity limitation (%),,,,,5.1,,,,
DISAB_8,Selected disability and carers characteristics (modelled estimates) - Persons living in private dwellings,Persons who are carers (no.),,,,,834,,,,
DISAB_9,Selected disability and carers characteristics (modelled estimates) - Persons living in private dwellings,Persons who are carers (%),,,,,8,,,,
DISAB_10,Selected disability and carers characteristics (modelled estimates) - Persons living in private dwellings,Persons aged 15 years and over who are primary carers (no.),,,,,250,,,,
DISAB_11,Selected disability and carers characteristics (modelled estimates) - Persons living in private dwellings,Persons aged 15 years and over who are primary carers (%),,,,,2.7,,,,
DISAB_12,Selected disability and carers characteristics (modelled estimates) - Persons living in private dwellings,Persons who are non-primary carers (no.),,,,,515,,,,
DISAB_13,Selected disability and carers characteristics (modelled estimates) - Persons living in private dwellings,Persons who are non-primary carers (%),,,,,5,,,,
ACTIV_3,Core activity need for assistance - Census,Persons who have need for assistance with core activities (no.),266,,291,,,,,356,
ACTIV_2,Core activity need for assistance - Census,Persons who have need for assistance with core activities (%),4.1,,3.4,,,,,3.9,
LTHLTH_2,Long-term health conditions - Census,Arthritis (%),,,,,,,,3.7,
LTHLTH_3,Long-term health conditions - Census,Asthma (%),,,,,,,,9.7,
LTHLTH_4,Long-term health conditions - Census,Cancer (including remission) (%),,,,,,,,1.6,
LTHLTH_5,Long-term health conditions - Census,Dementia (including Alzheimers) (%),,,,,,,,0.4,
LTHLTH_6,Long-term health conditions - Census,Diabetes (excluding gestational diabetes) (%),,,,,,,,2.3,
LTHLTH_7,Long-term health conditions - Census,Heart disease (including heart attack or angina) (%),,,,,,,,1.7,
LTHLTH_8,Long-term health conditions - Census,Kidney disease (%),,,,,,,,0.5,
LTHLTH_9,Long-term health conditions - Census,Lung condition (including COPD or emphysema) (%),,,,,,,,0.8,
LTHLTH_10,Long-term health conditions - Census,Mental health condition (including depression or anxiety) (%),,,,,,,,13,
LTHLTH_11,Long-term health conditions - Census,Stroke (%),,,,,,,,0.4,
LTHLTH_12,Long-term health conditions - Census,Other long-term health condition(s) (%),,,,,,,,7.7,
LTHLTH_13,Long-term health conditions - Census,No long-term health condition(s) (%),,,,,,,,61.2,
WORK_TRAV_3,Method of travel to work - Employed persons aged 15 years and over - Census,Used one method - train (no.),118,,219,,,,,72,
WORK_TRAV_18,Method of travel to work - Employed persons aged 15 years and over - Census,Used one method - tram/light rail (no.),427,,743,,,,,246,
WORK_TRAV_4,Method of travel to work - Employed persons aged 15 years and over - Census,Used one method - bus (no.),71,,120,,,,,45,
WORK_TRAV_5,Method of travel to work - Employed persons aged 15 years and over - Census,Used one method - car (as driver) (no.),1021,,1253,,,,,1115,
WORK_TRAV_21,Method of travel to work - Employed persons aged 15 years and over - Census,Used one method - car (as passenger) (no.),84,,81,,,,,53,
WORK_TRAV_20,Method of travel to work - Employed persons aged 15 years and over - Census,Used one method - taxi or ride-share service (no.),27,,24,,,,,24,
WORK_TRAV_22,Method of travel to work - Employed persons aged 15 years and over - Census,Used one method - truck (no.),9,,4,,,,,3,
WORK_TRAV_6,Method of travel to work - Employed persons aged 15 years and over - Census,Used one method - motor bike/scooter (no.),35,,33,,,,,23,
WORK_TRAV_7,Method of travel to work - Employed persons aged 15 years and over - Census,Used one method - bicycle (no.),302,,390,,,,,230,
WORK_TRAV_8,Method of travel to work - Employed persons aged 15 years and over - Census,Used one method - other (no.),18,,33,,,,,23,
WORK_TRAV_9,Method of travel to work - Employed persons aged 15 years and over - Census,Used one method - walked only (no.),570,,914,,,,,526,
WORK_TRAV_10,Method of travel to work - Employed persons aged 15 years and over - Census,Used one method - total persons (no.),2686,,3812,,,,,2362,
WORK_TRAV_12,Method of travel to work - Employed persons aged 15 years and over - Census,Used more than one method - total persons (no.),177,,263,,,,,140,
WORK_TRAV_23,Method of travel to work - Employed persons aged 15 years and over - Census,"Used at least one form of public transport (train, tram, bus, ferry) (no.)",779,,1321,,,,,492,
WORK_TRAV_24,Method of travel to work - Employed persons aged 15 years and over - Census,Travelled to work by car (as a driver or passenger) as at least one method of travel (no.),1134,,1396,,,,,1202,
WORK_TRAV_14,Method of travel to work - Employed persons aged 15 years and over - Census,Worked from home (no.),138,,228,,,,,2825,
WORK_TRAV_15,Method of travel to work - Employed persons aged 15 years and over - Census,Employed but did not go to work (no.),291,,366,,,,,545,
WORK_TRAV_16,Method of travel to work - Employed persons aged 15 years and over - Census,Method of travel not stated (no.),25,,52,,,,,19,
WORK_TRAV_17,Method of travel to work - Employed persons aged 15 years and over - Census,Total persons employed aged 15 years and over (no.),3320,,4715,,,,,5889,
HHTYPE_2,Household composition - Occupied private dwellings - Census,Lone person households (no.),965,,1330,,,,,1914,
HHTYPE_3,Household composition - Occupied private dwellings - Census,Group households (no.),400,,547,,,,,486,
HHTYPE_4,Household composition - Occupied private dwellings - Census,Family households (no.),1381,,1850,,,,,2093,
HHTYPE_5,Household composition - Occupied private dwellings - Census,Total households (no.),2744,,3731,,,,,4489,
HHTYPE_6,Household composition - Occupied private dwellings - Census,Average household size (no. of persons),2,,2,,,,,1.9,
FAMILY_2,Family composition - Families in family households - Census,Couple families with children under 15 and/or dependent students (no.),278,,337,,,,,355,
FAMILY_3,Family composition - Families in family households - Census,Couple families with non-dependent children only (no.),36,,33,,,,,51,
FAMILY_4,Family composition - Families in family households - Census,Couple families without children (no.),692,,1075,,,,,1319,
FAMILY_5,Family composition - Families in family households - Census,One parent families with children under 15 and/or dependent students (no.),249,,254,,,,,231,
FAMILY_6,Family composition - Families in family households - Census,One parent families with non-dependent children only (no.),72,,90,,,,,83,
FAMILY_7,Family composition - Families in family households - Census,Other families (no.),59,,78,,,,,68,
FAMILY_8,Family composition - Families in family households - Census,Total families (no.),1394,,1863,,,,,2109,
FAMILY_9,Family composition - Families in family households - Census,Average family size (no. of persons),2.6,,2.5,,,,,2.4,
MARRIAGE_2,Social marital status - Persons aged 15 years and over - Census,Married in a registered marriage (no.),1043,,1254,,,,,1368,
MARRIAGE_3,Social marital status - Persons aged 15 years and over - Census,Married in a de facto marriage (no.),915,,1549,,,,,2033,
MARRIAGE_4,Social marital status - Persons aged 15 years and over - Census,Not married (no.),2718,,3581,,,,,4024,
MARRIAGE_5,Registered marital status - Persons aged 15 years and over - Census,Married (%),23.1,,20.8,,,,,18.7,
MARRIAGE_6,Registered marital status - Persons aged 15 years and over - Census,Never married (%),60.2,,64.5,,,,,68.3,
MARRIAGE_7,Registered marital status - Persons aged 15 years and over - Census,Widowed (%),3.6,,2.7,,,,,2.1,
MARRIAGE_8,Registered marital status - Persons aged 15 years and over - Census,Divorced (%),9.1,,8.9,,,,,7.7,
MARRIAGE_9,Registered marital status - Persons aged 15 years and over - Census,Separated (%),3.9,,3.1,,,,,3.1,
INTERNET_2,Access to internet at home - Occupied private dwellings - Census,Internet accessed from dwelling (%),,,84.9,,,,,,
INTERNET_3,Access to internet at home - Occupied private dwellings - Census,Internet not accessed from dwelling (%),,,11.3,,,,,,
INTERNET_4,Access to internet at home - Occupied private dwellings - Census,Access to internet at home inadequately described or not stated (%),,,3.7,,,,,,
RENT_4,Rent and mortgage payments - Occupied private dwellings - Census,Median weekly household rental payment ($),283,,400,,,,,425,
RENT_5,Rent and mortgage payments - Occupied private dwellings - Census,Median monthly household mortgage payment ($),2200,,2180,,,,,2167,
CHILDCAR_2,Unpaid child care - Persons aged 15 years and over - Census,Persons who did not provide child care (%),70.1,,72.7,,,,,81.4,
CHILDCAR_3,Unpaid child care - Persons aged 15 years and over - Census,Persons who cared for own child/children (%),10.8,,9.5,,,,,9,
CHILDCAR_4,Unpaid child care - Persons aged 15 years and over - Census,Persons who cared for other child/children (%),4.3,,3.7,,,,,2.5,
CHILDCAR_5,Unpaid child care - Persons aged 15 years and over - Census,Persons who cared for own child/children and other child/children (%),0.3,,0.3,,,,,6.9,
CHILDCAR_6,Unpaid child care - Persons aged 15 years and over - Census,Unpaid child care not stated (%),14.3,,13.8,,,,,0.2,
UNPAIDW_2,Unpaid work - Persons aged 15 years and over - Census,Persons who provided unpaid assistance to a person with a disability (%),7.5,,6.6,,,,,8.6,
UNPAIDW_3,Unpaid work - Persons aged 15 years and over - Census,Persons undertaking voluntary work for an organisation or group (%),16.8,,19.0,,,,,14.4,
CHILD_2,Average number of children per family - Families with children - Census,Average number of children per family (no.),1.6,,1.7,,,,,1.7,
HOUSE_2,Housing suitability - Occupied private dwellings - Census,Dwellings with extra bedrooms needed (no.),,,227,,,,,184,
HOUSE_3,Housing suitability - Occupied private dwellings - Census,Dwellings with bedrooms spare (no.),,,1518,,,,,2076,
HOUSE_4,Housing suitability - Occupied private dwellings - Census,Dwellings with no bedrooms needed or spare (no.),,,1712,,,,,2079,
DWELL_2,Dwelling structure - Occupied private dwellings - Census,Separate house (no.),352,,505,,,,,259,
DWELL_3,Dwelling structure - Occupied private dwellings - Census,"Semi-detached, row or terrace house, townhouse etc. (no.)",1213,,641,,,,,1151,
DWELL_4,Dwelling structure - Occupied private dwellings - Census,Flat or apartment (no.),1135,,2525,,,,,3062,
DWELL_5,Dwelling structure - Occupied private dwellings - Census,Other dwelling (no.),37,,47,,,,,17,
DWELL_6,Dwelling structure - Occupied private dwellings - Census,Dwelling structure not stated (no.),3,,16,,,,,3,
DWELL_7,Dwelling structure - Occupied private dwellings - Census,Total occupied private dwellings (no.),2744,,3731,,,,,4489,
TENURE_7,Tenure type - Occupied private dwellings - Census,Owned outright (no.),301,,375,,,,,484,
TENURE_8,Tenure type - Occupied private dwellings - Census,Owned with a mortgage (no.),600,,755,,,,,1011,
TENURE_9,Tenure type - Occupied private dwellings - Census,Rented (no.),1715,,2426,,,,,2888,
TENURE_10,Tenure type - Occupied private dwellings - Census,Other tenure type (no.),28,,33,,,,,51,
TENURE_11,Tenure type - Occupied private dwellings - Census,Tenure type not stated (no.),95,,139,,,,,61,
TENURE_2,Tenure type - Occupied private dwellings - Census,Owned outright (%),11,,10.1,,,,,10.8,
TENURE_3,Tenure type - Occupied private dwellings - Census,Owned with a mortgage (%),21.9,,20.2,,,,,22.5,
TENURE_4,Tenure type - Occupied private dwellings - Census,Rented (%),62.5,,65,,,,,64.3,
TENURE_5,Tenure type - Occupied private dwellings - Census,Other tenure type (%),1,,0.9,,,,,1.1,
TENURE_6,Tenure type - Occupied private dwellings - Census,Tenure type not stated (%),3.5,,3.7,,,,,1.4,
STRESS_10,Mortgage and rent affordability indicators - Occupied private dwellings - Census,Households where mortgage repayments are less than or equal to 30% of imputed household income (no.),,,,,,,,806,
STRESS_11,Mortgage and rent affordability indicators - Occupied private dwellings - Census,Households where mortgage repayments are more than 30% of imputed household income (no.),,,,,,,,121,
STRESS_12,Mortgage and rent affordability indicators - Occupied private dwellings - Census,Households where rent payments are less than or equal to 30% of imputed household income (no.),,,,,,,,1999,
STRESS_13,Mortgage and rent affordability indicators - Occupied private dwellings - Census,Households where rent payments are more than 30% of imputed household income (no.),,,,,,,,678,
STRESS_14,Mortgage and rent affordability indicators - Occupied private dwellings - Census,Households where mortgage repayments are less than or equal to 30% of imputed household income (%),,,,,,,,79.7,
STRESS_15,Mortgage and rent affordability indicators - Occupied private dwellings - Census,Households where mortgage repayments are more than 30% of imputed household income (%),,,,,,,,12.0,
STRESS_16,Mortgage and rent affordability indicators - Occupied private dwellings - Census,Households where rent payments are less than or equal to 30% of imputed household income (%),,,,,,,,69.2,
STRESS_17,Mortgage and rent affordability indicators - Occupied private dwellings - Census,Households where rent payments are more than 30% of imputed household income (%),,,,,,,,23.5,
SEIFAA_2,Socio-economic indexes for areas (SEIFA) - Rank within Australia - Census,SEIFA Index of relative socio-economic disadvantage (IRSD) - rank within Australia (decile),,,,,,,,3,
SEIFAA_3,Socio-economic indexes for areas (SEIFA) - Rank within Australia - Census,SEIFA Index of relative socio-economic advantage and disadvantage (IRSAD) - rank within Australia (decile),,,,,,,,7,
SEIFAA_4,Socio-economic indexes for areas (SEIFA) - Rank within Australia - Census,SEIFA Index of education and occupation (IEO) - rank within Australia (decile),,,,,,,,9,
SEIFAA_5,Socio-economic indexes for areas (SEIFA) - Rank within Australia - Census,SEIFA Index of economic resources (IER) - rank within Australia (decile),,,,,,,,1,
SEIFAS_2,Socio-economic indexes for areas (SEIFA) - Rank within State or Territory - Census,SEIFA Index of relative socio-economic disadvantage (IRSD) - rank within State or Territory (decile),,,,,,,,3,
SEIFAS_3,Socio-economic indexes for areas (SEIFA) - Rank within State or Territory - Census,SEIFA Index of relative socio-economic advantage and disadvantage (IRSAD) - rank within State or Territory (decile),,,,,,,,7,
SEIFAS_4,Socio-economic indexes for areas (SEIFA) - Rank within State or Territory - Census,SEIFA Index of education and occupation (IEO) - rank within State or Territory (decile),,,,,,,,9,
SEIFAS_5,Socio-economic indexes for areas (SEIFA) - Rank within State or Territory - Census,SEIFA Index of economic resources (IER) - rank within State or Territory (decile),,,,,,,,1,
HOMELESS_3,Homelessness - Census,Count of homeless persons (no.),66,,95,,,,,28,
VEHIC_2,Number of motor vehicles per household - Occupied private dwellings - Census,No motor vehicles (no.),803,,1111,,,,,1274,
VEHIC_3,Number of motor vehicles per household - Occupied private dwellings - Census,One motor vehicle (no.),1264,,1785,,,,,2389,
VEHIC_4,Number of motor vehicles per household - Occupied private dwellings - Census,Two motor vehicles (no.),447,,533,,,,,630,
VEHIC_5,Number of motor vehicles per household - Occupied private dwellings - Census,Three motor vehicles (no.),59,,84,,,,,90,
VEHIC_6,Number of motor vehicles per household - Occupied private dwellings - Census,Four or more motor vehicles (no.),22,,23,,,,,34,
TOTMIG_3,Number of persons born overseas - Census,Males born overseas (no.),,,1385,,,,,1573,
TOTMIG_2,Number of persons born overseas - Census,Females born overseas (no.),,,1526,,,,,1619,
TOTMIG_4,Number of persons born overseas - Census,Persons born overseas (no.),,,2914,,,,,3189,
AGEMIG_2,Age of persons born overseas - Census,0-4 years (no.),,,23,,,,,10,
AGEMIG_3,Age of persons born overseas - Census,5-9 years (no.),,,29,,,,,41,
AGEMIG_4,Age of persons born overseas - Census,10-14 years (no.),,,58,,,,,45,
AGEMIG_5,Age of persons born overseas - Census,15-19 years (no.),,,98,,,,,37,
AGEMIG_6,Age of persons born overseas - Census,20-24 years (no.),,,271,,,,,176,
AGEMIG_7,Age of persons born overseas - Census,25-29 years (no.),,,519,,,,,534,
AGEMIG_8,Age of persons born overseas - Census,30-34 years (no.),,,519,,,,,632,
AGEMIG_9,Age of persons born overseas - Census,35-39 years (no.),,,308,,,,,420,
AGEMIG_10,Age of persons born overseas - Census,40-44 years (no.),,,202,,,,,276,
AGEMIG_11,Age of persons born overseas - Census,45-49 years (no.),,,195,,,,,224,
AGEMIG_12,Age of persons born overseas - Census,50-54 years (no.),,,162,,,,,191,
AGEMIG_13,Age of persons born overseas - Census,55-59 years (no.),,,132,,,,,135,
AGEMIG_14,Age of persons born overseas - Census,60-64 years (no.),,,96,,,,,118,
AGEMIG_15,Age of persons born overseas - Census,65-69 years (no.),,,72,,,,,93,
AGEMIG_16,Age of persons born overseas - Census,70-74 years (no.),,,71,,,,,71,
AGEMIG_17,Age of persons born overseas - Census,75-79 years (no.),,,49,,,,,64,
AGEMIG_18,Age of persons born overseas - Census,80-84 years (no.),,,54,,,,,51,
AGEMIG_19,Age of persons born overseas - Census,85 years and over (no.),,,46,,,,,49,
ARRMIG_2,Year of arrival of persons born overseas - Census,Arrived within 5 years (%),,,30.4,,,,,22,
ARRMIG_3,Year of arrival of persons born overseas - Census,Arrived 5-10 years ago (%),,,16.3,,,,,19.2,
ARRMIG_4,Year of arrival of persons born overseas - Census,Arrived over 10 years ago (%),,,49.4,,,,,56.5,
ARRMIG_5,Year of arrival of persons born overseas - Census,Arrival not stated (%),,,4.1,,,,,2.4,
CITMIG_2,Citizenship status of persons born overseas - Census,Australian citizen (%),,,50.3,,,,,53.5,
CITMIG_3,Citizenship status of persons born overseas - Census,Not an Australian citizen (%),,,48.1,,,,,46.1,
CITMIG_4,Citizenship status of persons born overseas - Census,Citizenship not stated (%),,,1.6,,,,,0.4,
RELMIG_2,Religious affiliation of persons born overseas - Census,Buddhism (%),,,10.8,,,,,9,
RELMIG_3,Religious affiliation of persons born overseas - Census,Christianity (%),,,29,,,,,21.3,
RELMIG_4,Religious affiliation of persons born overseas - Census,Hinduism (%),,,0.8,,,,,1.5,
RELMIG_5,Religious affiliation of persons born overseas - Census,Islam (%),,,10.7,,,,,13,
RELMIG_6,Religious affiliation of persons born overseas - Census,Judaism (%),,,0.7,,,,,0.8,
RELMIG_7,Religious affiliation of persons born overseas - Census,Other religion (%),,,0.4,,,,,0.3,
RELMIG_11,Religious affiliation of persons born overseas - Census,"Secular beliefs, other spiritual beliefs, no religion (%)",,,43.3,,,,,52.1,
RELMIG_9,Religious affiliation of persons born overseas - Census,Religious affiliation inadequately described or not stated (%),,,4.4,,,,,2.2,
ENGMIG_2,English proficiency of persons born overseas - Census,Proficient in English (%),,,82.9,,,,,86.8,
ENGMIG_3,English proficiency of persons born overseas - Census,Not proficient in English (%),,,16.3,,,,,12.8,
ENGMIG_4,English proficiency of persons born overseas - Census,English proficiency not stated (%),,,1,,,,,0.5,
QUALMIG_2,Level of highest educational attainment of persons born overseas - Census,Postgraduate degree level (%),,,13.1,,,,,17.4,
QUALMIG_3,Level of highest educational attainment of persons born overseas - Census,Graduate diploma and graduate certificate level (%),,,2.1,,,,,3.4,
QUALMIG_4,Level of highest educational attainment of persons born overseas - Census,Bachelor degree level (%),,,27.2,,,,,32.8,
QUALMIG_5,Level of highest educational attainment of persons born overseas - Census,Advanced diploma and diploma level (%),,,9.2,,,,,8.2,
QUALMIG_6,Level of highest educational attainment of persons born overseas - Census,Certificate level (%),,,7.5,,,,,7.3,
QUALMIG_7,Level of highest educational attainment of persons born overseas - Census,School education level (%),,,31.1,,,,,22.6,
QUALMIG_8,Level of highest educational attainment of persons born overseas - Census,Education not stated (%),,,5.3,,,,,3.5,
OCCMIG_2,Occupation of persons born overseas - Persons aged 15 years and over - Census,Managers (%),,,14.3,,,,,15.5,
OCCMIG_3,Occupation of persons born overseas - Persons aged 15 years and over - Census,Professionals (%),,,38.6,,,,,46.1,
OCCMIG_4,Occupation of persons born overseas - Persons aged 15 years and over - Census,Technicians and trades workers (%),,,8.3,,,,,6.7,
OCCMIG_5,Occupation of persons born overseas - Persons aged 15 years and over - Census,Community and personal service workers (%),,,11.6,,,,,9.8,
OCCMIG_6,Occupation of persons born overseas - Persons aged 15 years and over - Census,Clerical and administrative workers (%),,,8.9,,,,,7.8,
OCCMIG_7,Occupation of persons born overseas - Persons aged 15 years and over - Census,Sales workers (%),,,7,,,,,4.8,
OCCMIG_8,Occupation of persons born overseas - Persons aged 15 years and over - Census,Machinery operators and drivers (%),,,2.4,,,,,2.7,
OCCMIG_9,Occupation of persons born overseas - Persons aged 15 years and over - Census,Labourers (%),,,6.6,,,,,4.6,
OCCMIG_10,Occupation of persons born overseas - Persons aged 15 years and over - Census,Occupation inadequately described or not stated (%),,,2.1,,,,,1.7,
OCCMIG_11,Occupation of persons born overseas - Persons aged 15 years and over - Census,Overseas born population employed (no.),,,1660,,,,,2076,
LFMIG_6,Labour force status of persons born overseas - Persons aged 15 years and over - Census,Employed (no.),,,1660,,,,,2076,
LFMIG_3,Labour force status of persons born overseas - Persons aged 15 years and over - Census,Unemployed (no.),,,210,,,,,146,
LFMIG_2,Labour force status of persons born overseas - Persons aged 15 years and over - Census,In the labour force (no.),,,1866,,,,,2223,
LFMIG_5,Labour force status of persons born overseas - Persons aged 15 years and over - Census,Unemployment rate (%),,,11.3,,,,,6.6,
LFMIG_4,Labour force status of persons born overseas - Persons aged 15 years and over - Census,Participation rate (%),,,66.5,,,,,72.1,
LFMIG_11,Labour force status of persons born overseas - Persons aged 15 years and over - Census,Not in the labour force (%),,,31.3,,,,,26.2,
LFMIG_12,Labour force status of persons born overseas - Persons aged 15 years and over - Census,Labour force status not stated (%),,,2.3,,,,,1.7,
LFMIG_7,Labour force status of persons born overseas - Persons aged 15 years and over - Census,Overseas born population aged 15 years and over (no.),,,2805,,,,,3083,
INCMIG_2,Total personal income (weekly) of persons born overseas - Persons aged 15 years and over - Census,$1-$499 per week (%),,,30.9,,,,,22.6,
INCMIG_3,Total personal income (weekly) of persons born overseas - Persons aged 15 years and over - Census,$500-$999 per week (%),,,19,,,,,16.2,
INCMIG_4,Total personal income (weekly) of persons born overseas - Persons aged 15 years and over - Census,$1000-$1999 per week (%),,,25.6,,,,,29.5,
INCMIG_5,Total personal income (weekly) of persons born overseas - Persons aged 15 years and over - Census,$2000-$2999 per week (%),,,6.9,,,,,13.7,
INCMIG_6,Total personal income (weekly) of persons born overseas - Persons aged 15 years and over - Census,$3000 or more per week (%),,,4,,,,,8.9,
INCMIG_7,Total personal income (weekly) of persons born overseas - Persons aged 15 years and over - Census,Nil income (%),,,8.5,,,,,6.1,
INCMIG_8,Total personal income (weekly) of persons born overseas - Persons aged 15 years and over - Census,Negative income (%),,,0.9,,,,,0.6,
INCMIG_9,Total personal income (weekly) of persons born overseas - Persons aged 15 years and over - Census,Income inadequately described or not stated (%),,,4.2,,,,,2.7,
LAND,Land area,Land area (ha),,,,,,,,126.7,
SOLAR_7,Solar installations - year ended 31 December,Small-scale solar panel system installations (no.),,,31,10,18,23,17,17,
SOLAR_8,Solar installations - year ended 31 December,Solar water heater installations (no.),,,3,,,,,,
LANDUSE_13,Land use experimental estimates - year ended 30 June,Urban intensive uses (ha),,,125,,,,,,
LANDUSE_19,Land use experimental estimates - year ended 30 June,Total land use (ha),,,125,,,,,,
LCOVER_1,Land cover experimental estimates - year ended 31 December,Artificial surfaces (ha),,125,125,125,119,125,125,,
LCOVER_5,Land cover experimental estimates - year ended 31 December,Natural surfaces (ha),,,,,6,,,,
LCOVER_12,Land cover experimental estimates - year ended 31 December,Total land cover (ha),,125,125,125,125,125,125,,
LTENURE_2,Land tenure experimental estimates - year ended 30 June,Freehold (ha),,,125,,,,,,
LTENURE_14,Land tenure experimental estimates - year ended 30 June,Total land tenure (ha),,,125,,,,,,
LPARCEL_2,Land and housing supply indicators: Experimental counts of land parcels by size - at March 2022,Land parcel size: 0 - 200 sqm (no.),,,,,,,,,1198
LPARCEL_5,Land and housing supply indicators: Experimental counts of land parcels by size - at March 2022,Land parcel size: 200 - 400 sqm (no.),,,,,,,,,544
LPARCEL_6,Land and housing supply indicators: Experimental counts of land parcels by size - at March 2022,Land parcel size: 400 - 600 sqm (no.),,,,,,,,,137
LPARCEL_7,Land and housing supply indicators: Experimental counts of land parcels by size - at March 2022,Land parcel size: 600 - 800 sqm (no.),,,,,,,,,58
LPARCEL_8,Land and housing supply indicators: Experimental counts of land parcels by size - at March 2022,"Land parcel size: 800 - 1,000 sqm (no.)",,,,,,,,,31
LPARCEL_4,Land and housing supply indicators: Experimental counts of land parcels by size - at March 2022,"Land parcel size: 1,000 - 10,000 sqm (no.)",,,,,,,,,82
LPARCEL_3,Land and housing supply indicators: Experimental counts of land parcels by size - at March 2022,"Land parcel size greater than 10,000 sqm (no.)",,,,,,,,,2
LPARCEL_9,Land and housing supply indicators: Experimental counts of land parcels by planning zone - at March 2022,Business/commercial planning zone (no.),,,,,,,,,837
LPARCEL_10,Land and housing supply indicators: Experimental counts of land parcels by planning zone - at March 2022,Community/public use planning zone (no.),,,,,,,,,66
LPARCEL_13,Land and housing supply indicators: Experimental counts of land parcels by planning zone - at March 2022,Infrastructure/utilities planning zone (no.),,,,,,,,,5
LPARCEL_14,Land and housing supply indicators: Experimental counts of land parcels by planning zone - at March 2022,Mixed use/centre planning zone (no.),,,,,,,,,217
LPARCEL_16,Land and housing supply indicators: Experimental counts of land parcels by planning zone - at March 2022,Residential planning zone (no.),,,,,,,,,922
LPARCEL_17,Land and housing supply indicators: Experimental counts of land parcels by planning zone - at March 2022,Special use N.E.S. planning zone (no.),,,,,,,,,5
